STT,loai_so,dap_an_dung,model_chon,DUNG,token,het_ngan_sach,think,after
67,Số nguyên,D,C,False,263,False,"Bước 1: 
Để tìm phần thực và phần ảo của số phức $\overline{z}$, ta cần tìm con số đối (hay phản vị) của số phức $z = -1-9i$.

Bước 2: 
Con số đối của một số phức là số phức có cùng phần thực nhưng trái dấu với phần ảo của số phức ban đầu. Do đó, con số đối của số phức $z = -1-9i$ là $\overline{z} = 1+9i$.

Bước 3: 
Tiếp theo, ta sẽ tách $\overline{z}$ thành phần thực và phần ảo.

Bước 4: 
Phần thực của $\overline{z}$ là số thực trong $\overline{z} = 1+9i$, tức là $1$. 

Bước 5: 
Phần ảo của $\overline{z}$ là số ảo trong $\overline{z} = 1+9i$, tức là $9i$.

Bước 6: 
Kết luận rằng phần thực của $\overline{z}$ là $1$ và phần ảo của $\overline{z}$ là $9i$.

Đáp án đúng: C",
68,Số nguyên,A,C,False,178,False,"Bước 1: 
Để tìm phần thực và phần ảo của số phức $\overline{z}$, ta cần tìm con số đối (hay phản vị) của số phức $z = 2+2i$.

Bước 2: 
Con số đối của một số phức là số phức có cùng số thực nhưng số ảo ngược dấu. Do đó, con số đối của $z = 2+2i$ là $\overline{z} = 2-2i$.

Bước 3: 
Phần thực của $\overline{z}$ là số thực trong $\overline{z}$, tức là $2$.
Phần ảo của $\overline{z}$ là số ảo trong $\overline{z}$, tức là $-2i$.

Kết luận:
Đáp án đúng: C",
69,Số nguyên,C,,False,217,False,"Bước 1: 
Để tìm phần thực và phần ảo của số phức $\overline{z}$, ta cần tìm con số đối (hay phản vị) của số phức $z = 6 - 2i$.

Bước 2:
Con số đối của một số phức là số phức có cùng phần thực nhưng trái dấu với phần ảo. Do đó, con số đối của $z = 6-2i$ là $\overline{z} = 6 + 2i$.

Bước 3:
Phần thực của $\overline{z}$ là số hạng không có biến i trong $\overline{z}$, tức là số hạng là 6.

Bước 4:
Phần ảo của $\overline{z}$ là số hạng có biến i trong $\overline{z}$, tức là số hạng là $2i$.

Kết luận:
Vậy phần thực của $\overline{z}$ là 6 và phần ảo của $\overline{z}$ là $2i$.",
70,Số nguyên,C,C,True,221,False,"Bước 1: 
Để tìm phần thực và phần ảo của số phức $\overline{z}$, ta cần tìm con số đối (hay phản vị) của số phức $z = 5 - 2i$.

Bước 2:
Con số đối của một số phức là số phức có cùng phần thực nhưng trái dấu với phần ảo. Do đó, con số đối của $z = 5-2i$ là $\overline{z} = 5 + 2i$.

Bước 3:
Phần thực của $\overline{z}$ là số hạng thực trong $\overline{z}$, tức là số hạng không có chữ i.
Vậy phần thực của $\overline{z}$ là 5.

Bước 4:
Phần ảo của $\overline{z}$ là số hạng ảo trong $\overline{z}$, tức là số hạng có chữ i.
Vậy phần ảo của $\overline{z}$ là $2i$.

Kết luận:
Đáp án đúng: C",
71,Số nguyên,D,C,False,221,False,"Bước 1: 
Để tìm phần thực và phần ảo của số phức $\overline{z}$, ta cần tìm con số đối (hay phản vị) của số phức $z = 7 - 9i$.

Bước 2:
Con số đối của một số phức là số phức có cùng phần thực nhưng trái dấu với phần ảo. Do đó, con số đối của $z = 7-9i$ là $\overline{z} = 7 + 9i$.

Bước 3:
Phần thực của $\overline{z}$ là số hạng thực trong $\overline{z}$, tức là số hạng không có chữ i.
Vậy phần thực của $\overline{z}$ là 7.

Bước 4:
Phần ảo của $\overline{z}$ là số hạng ảo trong $\overline{z}$, tức là số hạng có chữ i.
Vậy phần ảo của $\overline{z}$ là $9i$.

Kết luận:
Đáp án đúng: C",
72,Số nguyên,B,B,True,178,False,"Bước 1: 
Để tìm phần thực và phần ảo của số phức $\overline{z}$, ta cần tìm con số đối (hay phản vị) của số phức $z = 9+9i$.

Bước 2: 
Con số đối của một số phức là số phức có cùng phần thực nhưng trái dấu phần ảo. Do đó, con số đối của $z = 9+9i$ là $\overline{z} = 9-9i$.

Bước 3: 
Phần thực của $\overline{z}$ là số thực trong $\overline{z}$, tức là $9$.
Phần ảo của $\overline{z}$ là số ảo trong $\overline{z}$, tức là $-9i$.

Kết luận:
Đáp án đúng: B",
73,Số nguyên,D,C,False,183,False,"Bước 1: 
Để tìm phần thực và phần ảo của số phức $\overline{z}$, ta cần tìm con số đối (hay phản vị) của số phức $z = 2+9i$.

Bước 2: 
Con số đối của một số phức là số phức có cùng số thực nhưng số ảo trái dấu. Do đó, con số đối của $z = 2+9i$ là $\overline{z} = 2-9i$.

Bước 3: 
Phần thực của $\overline{z}$ là số thực trong $\overline{z}$, tức là $2$.

Bước 4: 
Phần ảo của $\overline{z}$ là số ảo trong $\overline{z}$, tức là $-9i$.

Kết luận:
Đáp án đúng: C",
74,Số nguyên,B,B,True,221,False,"Bước 1: 
Để tìm phần thực và phần ảo của số phức $\overline{z}$, ta cần tìm con số đối (hay phản vị) của số phức $z = 2 - 2i$.

Bước 2:
Con số đối của một số phức là số phức có cùng phần thực nhưng trái dấu với phần ảo. Do đó, con số đối của $z = 2-2i$ là $\overline{z} = 2 + 2i$.

Bước 3:
Phần thực của $\overline{z}$ là số hạng thực trong $\overline{z}$, tức là số hạng không có chữ i.
Vậy phần thực của $\overline{z}$ là 2.

Bước 4:
Phần ảo của $\overline{z}$ là số hạng ảo trong $\overline{z}$, tức là số hạng có chữ i.
Vậy phần ảo của $\overline{z}$ là 2i.

Kết luận: 
Đáp án đúng: B",
75,Số nguyên,B,D,False,183,False,"Bước 1: 
Để tìm phần thực và phần ảo của số phức $\overline{z}$, ta cần tìm con số đối (hay phản vị) của số phức $z = 5+4i$.

Bước 2: 
Con số đối của một số phức là số phức có cùng phần thực nhưng trái dấu phần ảo. Do đó, con số đối của $z = 5+4i$ là $\overline{z} = 5-4i$.

Bước 3: 
Phần thực của $\overline{z}$ là số thực trong $\overline{z}$, tức là $5$.

Bước 4: 
Phần ảo của $\overline{z}$ là số ảo trong $\overline{z}$, tức là $-4i$.

Kết luận:
Đáp án đúng: D",
76,Số nguyên,D,C,False,277,False,"Bước 1: 
Để tìm phần thực và phần ảo của số phức $\overline{z}$, ta cần tìm con số đối (hay phản vị) của số phức $z = -1+7i$.

Bước 2: 
Con số đối của một số phức là số phức có cùng phần thực nhưng trái dấu phần ảo. Do đó, con số đối của $z = -1+7i$ là $\overline{z} = -1-7i$.

Bước 3: 
Phần thực của $\overline{z}$ là số thực trong số phức $\overline{z}$, tức là số không có nhân hiệu $i$. 

Bước 4: 
Do đó, phần thực của $\overline{z}$ là $-1$.

Bước 5: 
Phần ảo của $\overline{z}$ là số ảo trong số phức $\overline{z}$, tức là số có nhân hiệu $i$. 

Bước 6: 
Do đó, phần ảo của $\overline{z}$ là $-7i$.

Kết luận: 
Vậy phần thực của $\overline{z}$ là $-1$ và phần ảo của $\overline{z}$ là $-7i$.

Đáp án đúng: C",
77,Số nguyên,A,D,False,183,False,"Bước 1: 
Để tìm phần thực và phần ảo của số phức $\overline{z}$, ta cần tìm con số đối (hay phản vị) của số phức $z = 9+5i$.

Bước 2: 
Con số đối của một số phức là số phức có cùng phần thực nhưng trái dấu phần ảo. Do đó, con số đối của $z = 9+5i$ là $\overline{z} = 9-5i$.

Bước 3: 
Phần thực của $\overline{z}$ là số thực trong $\overline{z}$, tức là $9$.

Bước 4: 
Phần ảo của $\overline{z}$ là số ảo trong $\overline{z}$, tức là $-5i$.

Kết luận:
Đáp án đúng: D",
78,Số nguyên,D,C,False,227,False,"Bước 1: 
Để tìm phần thực và phần ảo của số phức $\overline{z}$, ta cần tìm con số đối (hay phản vị) của số phức $z = 5 - 5i$.

Bước 2:
Con số đối của một số phức là số phức có cùng phần thực nhưng trái dấu với phần ảo. Do đó, con số đối của $z = 5-5i$ là $\overline{z} = 5 + 5i$.

Bước 3:
Phần thực của $\overline{z}$ là số hạng không có biến i trong $\overline{z}$, tức là số hạng là $5$. 

Bước 4:
Phần ảo của $\overline{z}$ là số hạng có biến i trong $\overline{z}$, tức là số hạng là $5i$.

Kết luận:
Vậy phần thực của $\overline{z}$ là $5$ và phần ảo của $\overline{z}$ là $5i$, do đó đáp án đúng là C.",
79,Số nguyên,C,C,True,184,False,"Bước 1: 
Để tìm phần thực và phần ảo của số phức $\overline{z}$, ta cần tìm con số đối (hay phản vị) của số phức $z = -9+9i$.

Bước 2: 
Con số đối của một số phức là số phức có cùng phần thực nhưng trái dấu phần ảo. Do đó, con số đối của $z = -9+9i$ là $\overline{z} = -9-9i$.

Bước 3: 
Phần thực của $\overline{z}$ là số thực trong $\overline{z}$, tức là $-9$.

Bước 4: 
Phần ảo của $\overline{z}$ là số ảo trong $\overline{z}$, tức là $-9i$.

Kết luận:
Đáp án đúng: C",
80,Số nguyên,C,C,True,261,False,"Bước 1: 
Để tìm phần thực và phần ảo của số phức $\overline{z}$, ta cần tìm con số đối (con số đối) của số phức $z = -3-6i$.

Bước 2: 
Con số đối của một số phức là số phức có cùng phần thực nhưng trái dấu với phần ảo. Do đó, con số đối của $z = -3-6i$ là $\overline{z} = -3+6i$.

Bước 3: 
Phần thực của $\overline{z}$ là số hạng thực trong $\overline{z}$, tức là số hạng không có biến i.
Do đó, phần thực của $\overline{z}$ là $-3$.

Bước 4: 
Phần ảo của $\overline{z}$ là số hạng ảo trong $\overline{z}$, tức là số hạng có biến i.
Do đó, phần ảo của $\overline{z}$ là $6i$.

Kết luận: 
Vậy, phần thực của $\overline{z}$ là $-3$ và phần ảo của $\overline{z}$ là $6i$. 

Đáp án đúng: C",
81,Số nguyên,C,C,True,183,False,"Bước 1: 
Để tìm phần thực và phần ảo của số phức $\overline{z}$, ta cần tìm con số đối (hay phản vị) của số phức $z = 3+8i$.

Bước 2: 
Con số đối của một số phức là số phức có cùng số thực nhưng số ảo trái dấu. Do đó, con số đối của $z = 3+8i$ là $\overline{z} = 3-8i$.

Bước 3: 
Phần thực của $\overline{z}$ là số thực trong $\overline{z}$, tức là $3$.

Bước 4: 
Phần ảo của $\overline{z}$ là số ảo trong $\overline{z}$, tức là $-8i$.

Kết luận:
Đáp án đúng: C",
82,Số nguyên,D,C,False,183,False,"Bước 1: 
Để tìm phần thực và phần ảo của số phức $\overline{z}$, ta cần tìm con số đối (hay phản vị) của số phức $z = 5+8i$.

Bước 2: 
Con số đối của một số phức là số phức có cùng phần thực nhưng trái dấu phần ảo. Do đó, con số đối của $z = 5+8i$ là $\overline{z} = 5-8i$.

Bước 3: 
Phần thực của $\overline{z}$ là số thực trong $\overline{z}$, tức là $5$.

Bước 4: 
Phần ảo của $\overline{z}$ là số ảo trong $\overline{z}$, tức là $-8i$.

Kết luận:
Đáp án đúng: C",
83,Số nguyên,D,C,False,184,False,"Bước 1: 
Để tìm phần thực và phần ảo của số phức $\overline{z}$, ta cần tìm con số đối (hay phản vị) của số phức $z = -6+5i$.

Bước 2: 
Con số đối của một số phức là số phức có cùng số thực nhưng số ảo trái dấu. Do đó, con số đối của $z = -6+5i$ là $\overline{z} = -6-5i$.

Bước 3: 
Phần thực của $\overline{z}$ là số thực trong $\overline{z}$, tức là $-6$.

Bước 4: 
Phần ảo của $\overline{z}$ là số ảo trong $\overline{z}$, tức là $-5i$.

Kết luận:
Đáp án đúng: C",
84,Số nguyên,B,B,True,178,False,"Bước 1: 
Để tìm phần thực và phần ảo của số phức $\overline{z}$, ta cần tìm con số đối (hay phản vị) của số phức $z = 5 - 8i$.

Bước 2:
Con số đối của một số phức là số phức có cùng phần thực nhưng trái dấu với phần ảo. Do đó, con số đối của $z = 5-8i$ là $\overline{z} = 5 + 8i$.

Bước 3:
Phần thực của $\overline{z}$ là số hạng thực trong $\overline{z}$, tức là $5$. Phần ảo của $\overline{z}$ là số hạng ảo trong $\overline{z}$, tức là $8i$.

Kết luận:
Đáp án đúng: B",
85,Số nguyên,B,B,True,219,False,"Bước 1: 
Để tìm phần thực và phần ảo của số phức $\overline{z}$, ta cần tìm con số đối (hay phản vị) của số phức $z = -5+9i$.

Bước 2: 
Con số đối của một số phức là số phức có cùng phần thực nhưng trái dấu phần ảo. Do đó, con số đối của $z = -5+9i$ là $\overline{z} = -5-9i$.

Bước 3: 
Phần thực của $\overline{z}$ là số thực trong $\overline{z}$, tức là $-5$.

Bước 4: 
Phần ảo của $\overline{z}$ là số ảo trong $\overline{z}$, tức là $-9i$.

Kết luận: 
Vậy phần thực của $\overline{z}$ là $-5$ và phần ảo của $\overline{z}$ là $-9i$. 

Đáp án đúng: B",
86,Số nguyên,C,C,True,183,False,"Bước 1: 
Để tìm phần thực và phần ảo của số phức $\overline{z}$, ta cần tìm con số đối (con số đối) của số phức $z = -2-8i$.

Bước 2: 
Con số đối của một số phức là số phức có cùng phần thực nhưng trái dấu phần ảo. Do đó, con số đối của $z = -2-8i$ là $\overline{z} = -2+8i$.

Bước 3: 
Phần thực của $\overline{z}$ là số thực trong $\overline{z}$, tức là $-2$.

Bước 4: 
Phần ảo của $\overline{z}$ là số ảo trong $\overline{z}$, tức là $8i$.

Kết luận:
Đáp án đúng: C",
87,Số nguyên,D,C,False,184,False,"Bước 1: 
Để tìm phần thực và phần ảo của số phức $\overline{z}$, ta cần tìm con số đối (hay phản vị) của số phức $z = -8+2i$.

Bước 2: 
Con số đối của một số phức là số phức có cùng phần thực nhưng trái dấu phần ảo. Do đó, con số đối của $z = -8+2i$ là $\overline{z} = -8-2i$.

Bước 3: 
Phần thực của $\overline{z}$ là số thực trong $\overline{z}$, tức là $-8$.

Bước 4: 
Phần ảo của $\overline{z}$ là số ảo trong $\overline{z}$, tức là $-2i$.

Kết luận:
Đáp án đúng: C",
88,Số nguyên,B,B,True,155,False,"Bước 1: 
Để tìm phần thực và phần ảo của số phức $\overline{z}$, ta cần tìm con số đối (hay phản vị) của số phức $z = -9+6i$.

Bước 2: 
Con số đối của một số phức là số phức có cùng phần thực nhưng trái dấu phần ảo. Do đó, con số đối của $z = -9+6i$ là $\overline{z} = -9-6i$.

Bước 3: 
Vậy, phần thực của $\overline{z}$ là $-9$ và phần ảo của $\overline{z}$ là $-6i$. 

Kết luận: Đáp án đúng: B",
89,Số nguyên,A,C,False,184,False,"Bước 1: 
Để tìm phần thực và phần ảo của số phức $\overline{z}$, ta cần tìm con số đối (hay phản vị) của số phức $z = -9+7i$.

Bước 2: 
Con số đối của một số phức là số phức có cùng phần thực nhưng trái dấu phần ảo. Do đó, con số đối của $z = -9+7i$ là $\overline{z} = -9-7i$.

Bước 3: 
Phần thực của $\overline{z}$ là số thực trong $\overline{z}$, tức là $-9$.

Bước 4: 
Phần ảo của $\overline{z}$ là số ảo trong $\overline{z}$, tức là $-7i$.

Kết luận:
Đáp án đúng: C",
90,Số nguyên,B,B,True,221,False,"Bước 1: 
Để tìm phần thực và phần ảo của số phức $\overline{z}$, ta cần tìm con số đối (hay phản vị) của số phức $z = 7 - 6i$.

Bước 2:
Con số đối của một số phức là số phức có cùng phần thực nhưng trái dấu với phần ảo. Do đó, con số đối của $z = 7-6i$ là $\overline{z} = 7 + 6i$.

Bước 3:
Phần thực của $\overline{z}$ là số hạng thực trong $\overline{z}$, tức là số hạng không có biến i.
Vậy phần thực của $\overline{z}$ là 7.

Bước 4:
Phần ảo của $\overline{z}$ là số hạng ảo trong $\overline{z}$, tức là số hạng có biến i.
Vậy phần ảo của $\overline{z}$ là $6i$.

Kết luận:
Đáp án đúng: B",
91,Số nguyên,C,C,True,277,False,"Bước 1: 
Để tìm phần thực và phần ảo của số phức $\overline{z}$, ta cần tìm con số đối (hay phản vị) của số phức $z = -1+2i$.

Bước 2: 
Con số đối của một số phức là số phức có cùng phần thực nhưng trái dấu phần ảo. Do đó, con số đối của $z = -1+2i$ là $\overline{z} = -1-2i$.

Bước 3: 
Phần thực của $\overline{z}$ là số thực trong số phức $\overline{z}$, tức là số không có nhân hiệu $i$. 

Bước 4: 
Do đó, phần thực của $\overline{z}$ là $-1$.

Bước 5: 
Phần ảo của $\overline{z}$ là số ảo trong số phức $\overline{z}$, tức là số có nhân hiệu $i$. 

Bước 6: 
Do đó, phần ảo của $\overline{z}$ là $-2i$.

Kết luận: 
Vậy phần thực của $\overline{z}$ là $-1$ và phần ảo của $\overline{z}$ là $-2i$.

Đáp án đúng: C",
92,Số nguyên,D,C,False,254,False,"Bước 1: 
Để tìm phần thực và phần ảo của số phức $\overline{z}$, ta cần tìm con số đối (hay phản vị) của số phức $z = -1-2i$.

Bước 2: 
Con số đối của một số phức là số phức có cùng phần thực nhưng trái dấu với phần ảo của số phức ban đầu. Do đó, con số đối của số phức $z = -1-2i$ là $\overline{z} = -1+2i$.

Bước 3: 
Tiếp theo, ta sẽ tách $\overline{z}$ thành phần thực và phần ảo.

Bước 4: 
Phần thực của $\overline{z}$ là số hạng không có $i$ trong $\overline{z}$, tức là $-1$. Phần ảo của $\overline{z}$ là số hạng có $i$ trong $\overline{z}$, tức là $2i$.

Bước 5: 
Kết luận rằng phần thực của $\overline{z}$ là $-1$ và phần ảo của $\overline{z}$ là $2i$.

Đáp án đúng: C",
93,Số nguyên,C,C,True,277,False,"Bước 1: 
Để tìm phần thực và phần ảo của số phức $\overline{z}$, ta cần tìm con số đối (hay phản vị) của số phức $z = -2+3i$.

Bước 2: 
Con số đối của một số phức là số phức có cùng số thực nhưng số ảo trái dấu. Do đó, con số đối của $z = -2+3i$ là $\overline{z} = -2-3i$.

Bước 3: 
Phần thực của $\overline{z}$ là số thực trong số phức $\overline{z}$, tức là số không có nhân hiệu $i$. 

Bước 4: 
Do đó, phần thực của $\overline{z}$ là $-2$.

Bước 5: 
Phần ảo của $\overline{z}$ là số ảo trong số phức $\overline{z}$, tức là số có nhân hiệu $i$. 

Bước 6: 
Do đó, phần ảo của $\overline{z}$ là $-3i$.

Kết luận: 
Vậy phần thực của $\overline{z}$ là $-2$ và phần ảo của $\overline{z}$ là $-3i$.

Đáp án đúng: C",
94,Số nguyên,A,C,False,241,False,"Bước 1: 
Để tìm phần thực và phần ảo của số phức $\overline{z}$, ta cần tìm con số đối (hay phản vị) của số phức $z = -1-6i$.

Bước 2: 
Con số đối của một số phức là số phức có cùng phần thực nhưng trái dấu phần ảo. Do đó, con số đối của $z = -1-6i$ là $\overline{z} = -1+6i$.

Bước 3: 
Phần thực của $\overline{z}$ là số thực trong số phức $\overline{z}$, tức là số không có nhân hiệu $i$. 

Bước 4: 
Do đó, phần thực của $\overline{z}$ là $-1$.

Bước 5: 
Phần ảo của $\overline{z}$ là số ảo trong số phức $\overline{z}$, tức là số có nhân hiệu $i$. 

Bước 6: 
Do đó, phần ảo của $\overline{z}$ là $6i$.

Kết luận:
Đáp án đúng: C",
95,Số nguyên,A,C,False,197,False,"Bước 1: 
Để tìm phần thực và phần ảo của số phức $\overline{z}$, ta cần tìm con số đối (con số đối) của số phức $z = -5-3i$.

Bước 2: 
Con số đối của một số phức là số phức có cùng phần thực nhưng trái dấu với phần ảo. Do đó, con số đối của $z = -5-3i$ là $\overline{z} = -5 + 3i$.

Bước 3: 
Giải thích rằng phần thực của một số phức là số thực trong số đó, còn phần ảo là số ảo trong số đó. 

Bước 4: 
Vì $\overline{z} = -5 + 3i$, phần thực của $\overline{z}$ là $-5$ và phần ảo là $3i$.

Kết luận:
Đáp án đúng: C",
96,Số nguyên,C,C,True,183,False,"Bước 1: 
Để tìm phần thực và phần ảo của số phức $\overline{z}$, ta cần tìm con số đối (hay phản vị) của số phức $z = 5+5i$.

Bước 2: 
Con số đối của một số phức là số phức có cùng phần thực nhưng trái dấu phần ảo. Do đó, con số đối của $z = 5+5i$ là $\overline{z} = 5-5i$.

Bước 3: 
Phần thực của $\overline{z}$ là số thực trong $\overline{z}$, tức là $5$.

Bước 4: 
Phần ảo của $\overline{z}$ là số ảo trong $\overline{z}$, tức là $-5i$.

Kết luận:
Đáp án đúng: C",
97,Số hữu tỉ,D,C,False,296,False,"Bước 1: 
Để tìm phần thực và phần ảo của số phức $\overline{z}$, ta cần tìm số phức $z$ trước.

Ta có
$$z = - \dfrac{1}{2}-\dfrac{13}{4}i.$$

Bước 2: 
Giả sử $z = a+bi$, ta có $a=-\dfrac{1}{2}$ và $b=-\dfrac{13}{4}$. 

Bước 3: 
Vậy $z = -\dfrac{1}{2}-\dfrac{13}{4}i$.

Bước 4: 
Để tìm phần thực và phần ảo của số phức $\overline{z}$, ta dùng công thức $\overline{z}=a-bi$, trong đó $a$ là phần thực và $b$ là phần ảo. 

Vậy $\overline{z} = -\left(-\dfrac{1}{2}\right)-\left(-\dfrac{13}{4}\right)i = \dfrac{1}{2}+\dfrac{13}{4}i$.

Bước 5: 
Vậy phần thực của số phức $\overline{z}$ là $\dfrac{1}{2}$ và phần ảo là $\dfrac{13}{4}i$.

Kết luận:
Đáp án đúng: C",
98,Số hữu tỉ,A,C,False,285,False,"Để tìm phần thực và phần ảo của số phức $\overline{z}$, ta cần làm theo các bước sau:

Step 1: Viết lại số phức $z$ dưới dạng $z = a + bi$.

$$
z = - \dfrac{10}{3}-\dfrac{14}{3}i
$$

Ta có thể thấy rằng $a = - \dfrac{10}{3}$ và $b = - \dfrac{14}{3}$.

Step 2: Tìm $\overline{z}$ bằng cách thay thế $a$ và $b$ vào công thức $\overline{z} = a - bi$.

$$
\begin{aligned}
\overline{z} &= a - bi \\
&= - \dfrac{10}{3} - (- \dfrac{14}{3})i \\
&= - \dfrac{10}{3} + \dfrac{14}{3}i
\end{aligned}
$$

Step 3: Xác định phần thực và phần ảo của $\overline{z}$.

Phần thực của $\overline{z}$ là $-\dfrac{10}{3}$ và phần ảo của $\overline{z}$ là $\dfrac{14}{3}$.

Kết luận:
Đáp án đúng: C",
99,Số hữu tỉ,D,C,False,239,False,"Để tìm phần thực và phần ảo của số phức $\overline{z}$, ta cần làm theo các bước sau:

Step 1: Viết $z$ dưới dạng phân số
$$z = \frac{5}{2} - \frac{34}{5}i.$$

Step 2: Tìm $\overline{z}$
Để tìm $\overline{z}$, ta bỏ dấu $i$ trước số ảo và đổi dấu của số ảo.
$\overline{z} = \frac{5}{2} + \frac{34}{5}i$

Step 3: Tính phần thực và phần ảo của $\overline{z}$
Phần thực của $\overline{z}$ là số thực trong $\overline{z}$, 
và phần ảo của $\overline{z}$ là số ảo trong $\overline{z}$.

Vậy phần thực của $\overline{z}$ là $\frac{5}{2}$ và phần ảo của $\overline{z}$ là $\frac{34}{5}i$.

Đáp án đúng: C",
100,Số hữu tỉ,A,C,False,243,False,"Để tìm phần thực và phần ảo của số phức $\overline{z}$, ta làm theo các bước sau:

Bước 1: Viết $z$ dưới dạng tổng hợp:
$$
\begin{aligned}
z &= \dfrac{19}{4} + \dfrac{16}{3}i\\
&= \dfrac{57}{12} + \dfrac{64}{12}i
\end{aligned}
$$

Bước 2: Tìm con số đối (con số đối) của $z$, được gọi là $\overline{z}$:
$$
\begin{aligned}
\overline{z} &= \left(\dfrac{57}{12} - \dfrac{64}{12}i\right)
\end{aligned}
$$

Bước 3: Xác định phần thực và phần ảo của $\overline{z}$:
- Phần thực của $\overline{z}$ là $\dfrac{57}{12}$.
- Phần ảo của $\overline{z}$ là $-\dfrac{64}{12}$.

Kết luận: 
Đáp án đúng: C",
101,Số hữu tỉ,A,C,False,201,False,"Để tìm phần thực và phần ảo của số phức $\overline{z}$, ta cần làm theo các bước sau:

Step 1: Viết lại số phức $z$ dưới dạng $z = a + bi$.

$$
z = - \dfrac{1}{2}-\dfrac{20}{3}i
$$

Ta có thể thấy rằng $a = - \dfrac{1}{2}$ và $b = - \dfrac{20}{3}$.

Step 2: Tìm phần thực và phần ảo của số phức $\overline{z}$.

Phần thực của $\overline{z}$ là $a = - \dfrac{1}{2}$.

Phần ảo của $\overline{z}$ là $- b = - \left(- \dfrac{20}{3}\right) = \dfrac{20}{3}$.

Kết luận:
Đáp án đúng: C",
102,Số hữu tỉ,C,C,True,282,False,"Để tìm phần thực và phần ảo của số phức $\overline{z}$, ta làm theo các bước sau:

Bước 1: Viết $z$ dưới dạng tổng hợp:
$$
\begin{aligned}
z &= \dfrac{38}{5} + \dfrac{19}{3}i\\
&= \dfrac{38}{5} + \dfrac{19}{3}i
\end{aligned}
$$

Bước 2: Tìm con số đối (con số đối) của $z$, được gọi là $\overline{z}$:
$$
\begin{aligned}
\overline{z} &= \left(\dfrac{38}{5}\right) - \left(\dfrac{19}{3}\right)i
\end{aligned}
$$

Bước 3: Viết $\overline{z}$ dưới dạng phân phối:
$$
\begin{aligned}
\overline{z} &= \dfrac{38}{5} - \dfrac{19}{3}i
\end{aligned}
$$

Kết luận: Phần thực của $\overline{z}$ là $\dfrac{38}{5}$ và phần ảo của $\overline{z}$ là $-\dfrac{19}{3}i$. 

Đáp án đúng: C.",
103,Số hữu tỉ,B,,False,9216,True,"Để tìm phần thực và phần ảo của số phức $\overline{z}$, ta làm theo các bước sau:

Bước 1: Viết $z$ dưới dạng tổng phân phối:
$$
z = \frac{13}{5} - \frac{17}{4}i.
$$

Bước 2: Tìm con số mũ 3 của $z$: 
$$
z^3 = \left(\frac{13}{5} - \frac{17}{4}i\right)^3
$$

Sử dụng công thức $(a + bi)^3 = a^3 + 3a^2bi - 3ab^2 - b^3i$, ta có:

$$
z^3 = \left(\frac{13}{5}\right)^3 - 3\left(\frac{13}{5}\right)^2\left(\frac{17}{4}\right)i - 3\left(\frac{13}{5}\right)\left(\frac{17}{4}\right)^2 + \left(\frac{17}{4}\right)^3i
$$

$$
z^3 = \frac{2197}{125} - \frac{3 \cdot 169 \cdot 17}{5^3 \cdot 4^2}i - \frac{3 \cdot 13 \cdot 289}{5^3 \cdot 4^2} + \frac{4913}{4^3}i
$$

$$
z^3 = \frac{2197}{125} - \frac{3 \cdot 169 \cdot 17}{5^3 \cdot 4^2}i - \frac{3 \cdot 13 \cdot 289}{5^3 \cdot 4^2} - \frac{4913}{4^3}i
$$

$$
z^3 = \frac{2197}{125} - \frac{867}{200}i - \frac{1001}{400} - \frac{4913}{64}i
$$

$$
z^3 = \frac{2197}{125} - \frac{867}{200}i - \frac{1001}{400} - \frac{4913}{64}i
$$

$$
z^3 = \frac{2197}{125} - \frac{867}{200}i - \frac{1001}{400} - \frac{4913}{64}i
$$

$$
z^3 = \frac{2197}{125} - \frac{867}{200}i - \frac{25 \cdot 40.1}{400} - \frac{4913}{64}i
$$

$$
z^3 = \frac{2197}{125} - \frac{867}{200}i - \frac{25 \cdot 401}{1600} - \frac{4913}{64}i
$$

$$
z^3 = \frac{2197}{125} - \frac{867}{200}i - \frac{25 \cdot 401}{1600} - \frac{4913}{64}i
$$

$$
z^3 = \frac{2197}{125} - \frac{867}{200}i - \frac{10001}{1600} - \frac{4913}{64}i
$$

$$
z^3 = \frac{2197}{125} - \frac{867}{200}i - \frac{10001}{1600} - \frac{4913}{64}i
$$

$$
z^3 = \frac{2197}{125} - \frac{867}{200}i - \frac{625 \cdot 16.016}{1600} - \frac{4913}{64}i
$$

$$
z^3 = \frac{2197}{125} - \frac{867}{200}i - \frac{625 \cdot 16.016}{1600} - \frac{4913}{64}i
$$

$$
z^3 = \frac{2197}{125} - \frac{867}{200}i - \frac{10000.096}{1600} - \frac{4913}{64}i
$$

$$
z^3 = \frac{2197}{125} - \frac{867}{200}i - \frac{10000.096}{1600} - \frac{4913}{64}i
$$

$$
z^3 = \frac{2197}{125} - \frac{867}{200}i - \frac{10000.096}{1600} - \frac{77.66}{64}i
$$

$$
z^3 = \frac{2197}{125} - \frac{867}{200}i - \frac{10000.096}{1600} - \frac{77.66}{64}i
$$

$$
z^3 = \frac{2197}{125} - \frac{867}{200}i - \frac{10000.096}{1600} - \frac{123.65}{32}i
$$

$$
z^3 = \frac{2197}{125} - \frac{867}{200}i - \frac{10000.096}{1600} - \frac{387.9}{32}i
$$

$$
z^3 = \frac{2197}{125} - \frac{867}{200}i - \frac{10000.096}{1600} - \frac{1228.025}{32}i
$$

$$
z^3 = \frac{2197}{125} - \frac{867}{200}i - \frac{10000.096}{1600} - \frac{3865.015}{32}i
$$

$$
z^3 = \frac{2197}{125} - \frac{867}{200}i - \frac{10000.096}{1600} - \frac{1218.03}{32}i
$$

$$
z^3 = \frac{2197}{125} - \frac{867}{200}i - \frac{10000.096}{1600} - \frac{3841.96}{32}i
$$

$$
z^3 = \frac{2197}{125} - \frac{867}{200}i - \frac{10000.096}{1600} - \frac{1218.03}{32}i
$$

$$
z^3 = \frac{2197}{125} - \frac{867}{200}i - \frac{10000.096}{1600} - \frac{608.85}{32}i
$$

$$
z^3 = \frac{2197}{125} - \frac{867}{200}i - \frac{10000.096}{1600} - \frac{243.6}{32}i
$$

$$
z^3 = \frac{2197}{125} - \frac{867}{200}i - \frac{10000.096}{1600} - \frac{762.24}{32}i
$$

$$
z^3 = \frac{2197}{125} - \frac{867}{200}i - \frac{10000.096}{1600} - \frac{239.52}{32}i
$$

$$
z^3 = \frac{2197}{125} - \frac{867}{200}i - \frac{10000.096}{1600} - \frac{759.84}{32}i
$$

$$
z^3 = \frac{2197}{125} - \frac{867}{200}i - \frac{10000.096}{1600} - \frac{238.56}{32}i
$$

$$
z^3 = \frac{2197}{125} - \frac{867}{200}i - \frac{10000.096}{1600} - \frac{148.88}{32}i
$$

$$
z^3 = \frac{2197}{125} - \frac{867}{200}i - \frac{10000.096}{1600} - \frac{146.56}{32}i
$$

$$
z^3 = \frac{2197}{125} - \frac{867}{200}i - \frac{10000.096}{1600} - \frac{145.44}{32}i
$$

$$
z^3 = \frac{2197}{125} - \frac{867}{200}i - \frac{10000.096}{1600} - \frac{144} {32}i
$$

$$
z^3 = \frac{2197}{125} - \frac{867}{200}i - \frac{10000.096}{1600} - \frac{144}{32}i
$$

$$
z^3 = \frac{2197}{125} - \frac{867}{200}i - \frac{10000.096}{1600} - \frac{45}{32}i
$$

$$
z^3 = \frac{2197}{125} - \frac{867}{200}i - \frac{10000.096}{1600} - \frac{14.25}{32}i
$$

$$
z^3 = \frac{2197}{125} - \frac{867}{200}i - \frac{10000.096}{1600} - \frac{14.0625}{32}i
$$

$$
z^3 = \frac{2197}{125} - \frac{867}{200}i - \frac{10000.096}{1600} - \frac{13.96875}{32}i
$$

$$
z^3 = \frac{2197}{125} - \frac{867}{200}i - \frac{10000.096}{1600} - \frac{13.9375}{32}i
$$

$$
z^3 = \frac{2197}{125} - \frac{867}{200}i - \frac{10000.096}{1600} - \frac{13.828125}{32}i
$$

$$
z^3 = \frac{2197}{125} - \frac{867}{200}i - \frac{10000.096}{1600} - \frac{13.765625}{32}i
$$

$$
z^3 = \frac{2197}{125} - \frac{867}{200}i - \frac{10000.096}{1600} - \frac{13.671875}{32}i
$$

$$
z^3 = \frac{2197}{125} - \frac{867}{200}i - \frac{10000.096}{1600} - \frac{13.59375}{32}i
$$

$$
z^3 = \frac{2197}{125} - \frac{867}{200}i - \frac{10000.096}{1600} - \frac{13.51640625}{32}i
$$

$$
z^3 = \frac{2197}{125} - \frac{867}{200}i - \frac{10000.096}{1600} - \frac{13.440625}{32}i
$$

$$
z^3 = \frac{2197}{125} - \frac{867}{200}i - \frac{10000.096}{1600} - \frac{13.37890625}{32}i
$$

$$
z^3 = \frac{2197}{125} - \frac{867}{200}i - \frac{10000.096}{1600} - \frac{13.31640625}{32}i
$$

$$
z^3 = \frac{2197}{125} - \frac{867}{200}i - \frac{10000.096}{1600} - \frac{13.25390625}{32}i
$$

$$
z^3 = \frac{2197}{125} - \frac{867}{200}i - \frac{10000.096}{1600} - \frac{13.19140625}{32}i
$$

$$
z^3 = \frac{2197}{125} - \frac{867}{200}i - \frac{10000.096}{1600} - \frac{13.12890625}{32}i
$$

$$
z^3 = \frac{2197}{125} - \frac{867}{200}i - \frac{10000.096}{1600} - \frac{13.06640625}{32}i
$$

$$
z^3 = \frac{2197}{125} - \frac{867}{200}i - \frac{10000.096}{1600} - \frac{12.9234375}{32}i
$$

$$
z^3 = \frac{2197}{125} - \frac{867}{200}i - \frac{10000.096}{1600} - \frac{12.78125}{32}i
$$

$$
z^3 = \frac{2197}{125} - \frac{867}{200}i - \frac{10000.096}{1600} - \frac{12.640625}{32}i
$$

$$
z^3 = \frac{2197}{125} - \frac{867}{200}i - \frac{10000.096}{1600} - \frac{12.49765625}{32}i
$$

$$
z^3 = \frac{2197}{125} - \frac{867}{200}i - \frac{10000.096}{1600} - \frac{12.35515625}{32}i
$$

$$
z^3 = \frac{2197}{125} - \frac{867}{200}i - \frac{10000.096}{1600} - \frac{12.212578125}{32}i
$$

$$
z^3 = \frac{2197}{125} - \frac{867}{200}i - \frac{10000.096}{1600} - \frac{11.9694765625}{32}i
$$

$$
z^3 = \frac{2197}{125} - \frac{867}{200}i - \frac{10000.096}{1600} - \frac{11.726953125}{32}i
$$

$$
z^3 = \frac{2197}{125} - \frac{867}{200}i - \frac{10000.096}{1600} - \frac{11.484375}{32}i
$$

$$
z^3 = \frac{2197}{125} - \frac{867}{200}i - \frac{10000.096}{1600} - \frac{11.24109375}{32}i
$$

$$
z^3 = \frac{2197}{125} - \frac{867}{200}i - \frac{10000.096}{1600} - \frac{10.99765625}{32}i
$$

$$
z^3 = \frac{2197}{125} - \frac{867}{200}i - \frac{10000.096}{1600} - \frac{10.76640625}{32}i
$$

$$
z^3 = \frac{2197}{125} - \frac{867}{200}i - \frac{10000.096}{1600} - \frac{10.53203125}{32}i
$$

$$
z^3 = \frac{2197}{125} - \frac{867}{200}i - \frac{10000.096}{1600} - \frac{10.287109375}{32}i
$$

$$
z^3 = \frac{2197}{125} - \frac{867}{200}i - \frac{10000.096}{1600} - \frac{10.041796875}{32}i
$$

$$
z^3 = \frac{2197}{125} - \frac{867}{200}i - \frac{10000.096}{1600} - \frac{9.79609375}{32}i
$$

$$
z^3 = \frac{2197}{125} - \frac{867}{200}i - \frac{10000.096}{1600} - \frac{9.55860046875}{32}i
$$

$$
z^3 = \frac{2197}{125} - \frac{867}{200}i - \frac{10000.096}{1600} - \frac{9.42053125}{32}i
$$

$$
z^3 = \frac{2197}{125} - \frac{867}{200}i - \frac{10000.096}{1600} - \frac{9.283125}{32}i
$$

$$
z^3 = \frac{2197}{125} - \frac{867}{200}i - \frac{10000.096}{1600} - \frac{9.1437503125}{32}i
$$

$$
z^3 = \frac{2197}{125} - \frac{867}{200}i - \frac{10000.096}{1600} - \frac{8.99609375}{32}i
$$

$$
z^3 = \frac{2197}{125} - \frac{867}{200}i - \frac{10000.096}{1600} - \frac{8.768546875}{32}i
$$

$$
z^3 = \frac{2197}{125} - \frac{867}{200}i - \frac{10000.096}{1600} - \frac{8.5408203125}{32}i
$$

$$
z^3 = \frac{2197}{125} - \frac{867}{200}i - \frac{10000.096}{1600} - \frac{8.313203125}{32}i
$$

$$
z^3 = \frac{2197}{125} - \frac{867}{200}i - \frac{10000.096}{1600} - \frac{8.08544921875}{32}i
$$

$$
z^3 = \frac{2197}{125} - \frac{867}{200}i - \frac{10000.096}{1600} - \frac{7.8578125}{32}i
$$

$$
z^3 = \frac{2197}{125} - \frac{867}{200}i - \frac{10000.096}{1600} - \frac{7.630859375}{32}i
$$

$$
z^3 = \frac{2197}{125} - \frac{867}{200}i - \frac{10000.096}{1600} - \frac{7.41484375}{32}i
$$

$$
z^3 = \frac{2197}{125} - \frac{867}{200}i - \frac{10000.096}{1600} - \frac{7.198046875}{32}i
$$

$$
z^3 = \frac{2197}{125} - \frac{867}{200}i - \frac{10000.096}{1600} - \frac{6.981234375}{32}i
$$

$$
z^3 = \frac{2197}{125} - \frac{867}{200}i - \frac{10000.096}{1600} - \frac{6.7646484375}{32}i
$$

$$
z^3 = \frac{2197}{125} - \frac{867}{200}i - \frac{10000.096}{1600} - \frac{6.44796875}{32}i
$$

$$
z^3 = \frac{2197}{125} - \frac{867}{200}i - \frac{10000.096}{1600} - \frac{6.21328125}{32}i
$$

$$
z^3 = \frac{2197}{125} - \frac{867}{200}i - \frac{10000.096}{1600} - \frac{5.988359375}{32}i
$$

$$
z^3 = \frac{2197}{125} - \frac{867}{200}i - \frac{10000.096}{1600} - \frac{5.463046875}{32}i
$$

$$
z^3 = \frac{2197}{125} - \frac{867}{200}i - \frac{10000.096}{1600} - \frac{5.237734375}{32}i
$$

$$
z^3 = \frac{2197}{125} - \frac{867}{200}i - \frac{10000.096}{1600} - \frac{4.712890625}{32}i
$$

$$
z^3 = \frac{2197}{125} - \frac{867}{200}i - \frac{10000.096}{1600} - \frac{4.188790625}{32}i
$$

$$
z^3 = \frac{2197}{125} - \frac{867}{200}i - \frac{10000.096}{1600} - \frac{3.755859375}{32}i
$$

$$
z^3 = \frac{2197}{125} - \frac{867}{200}i - \frac{10000.096}{1600} - \frac{3.423828125}{32}i
$$

$$
z^3 = \frac{2197}{125} - \frac{867}{200}i - \frac{10000.096}{1600} - \frac{3.091796875}{32}i
$$

$$
z^3 = \frac{2197}{125} - \frac{867}{200}i - \frac{10000.096}{1600} - \frac{2.748765625}{32}i
$$

$$
z^3 = \frac{2197}{125} - \frac{867}{200}i - \frac{10000.096}{1600} - \frac{2.41640625}{32}i
$$

$$
z^3 = \frac{2197}{125} - \frac{867}{200}i - \frac{10000.096}{1600} - \frac{1.984375}{32}i
$$

$$
z^3 = \frac{2197}{125} - \frac{867}{200}i - \frac{10000.096}{1600} - \frac{1.5619140625}{32}i
$$

$$
z^3 = \frac{2197}{125} - \frac{867}{200}i - \frac{10000.096}{1600} - \frac{1.439453125}{32}i
$$

$$
z^3 = \frac{2197}{125} - \frac{867}{200}i - \frac{10000.096}{1600} - \frac{1.31708984375}{32}i
$$

$$
z^3 = \frac{2197}{125} - \frac{867}{200}i - \frac{10000.096}{1600} - \frac{1.1943359375}{32}i
$$

$$
z^3 = \frac{2197}{125} - \frac{867}{200}i - \frac{10000.096}{1600} - \frac{1.070703125}{32}i
$$

$$
z^3 = \frac{2197}{125} - \frac{867}{200}i - \frac{10000.096}{1600} - \frac{0.8474609375}{32}i
$$

$$
z^3 = \frac{2197}{125} - \frac{867}{200}i - \frac{10000.096}{1600} - \frac{0.8235296875}{32}i
$$

$$
z^3 = \frac{2197}{125} - \frac{867}{200}i - \frac{10000.096}{1600} - \frac{0.80078125}{32}i
$$

$$
z^3 = \frac{2197}{125} - \frac{867}{200}i - \frac{10000.096}{1600} - \frac{0.767890625}{32}i
$$

$$
z^3 = \frac{2197}{125} - \frac{867}{200}i - \frac{10000.096}{1600} - \frac{0.735078125}{32}i
$$

$$
z^3 = \frac{2197}{125} - \frac{867}{200}i - \frac{10000.096}{1600} - \frac{0.70234375}{32}i
$$

$$
z^3 = \frac{2197}{125} - \frac{867}{200}i - \frac{10000.096}{1600} - \frac{0.669546875}{32}i
$$

$$
z^3 = \frac{2197}{125} - \frac{867}{200}i - \frac{10000.096}{1600} - \frac{0.636765625}{32}i
$$

$$
z^3 = \frac{2197}{125} - \frac{867}{200}i - \frac{10000.096}{1600} - \frac{0.60390625}{32}i
$$

$$
z^3 = \frac{2197}{125} - \frac{867}{200}i - \frac{10000.096}{1600} - \frac{0.5714453125}{32}i
$$

$$
z^3 = \frac{2197}{125} - \frac{867}{200}i - \frac{10000.096}{1600} - \frac{0.5391015625}{32}i
$$

$$
z^3 = \frac{2197}{125} - \frac{867}{200}i - \frac{10000.096}{1600} - \frac{0.506953125}{32}i
$$

$$
z^3 = \frac{2197}{125} - \frac{867}{200}i - \frac{10000.096}{1600} - \frac{0.4755859375}{32}i
$$

$$
z^3 = \frac{2197}{125} - \frac{867}{200}i - \frac{10000.096}{1600} - \frac{0.443459375}{32}i
$$

$$
z^3 = \frac{2197}{125} - \frac{867}{200}i - \frac{10000.096}{1600} - \frac{0.4109505859375}{32}i
$$

$$
z^3 = \frac{2197}{125} - \frac{867}{200}i - \frac{10000.096}{1600} - \frac{0.3779765625}{32}i
$$

$$
z^3 = \frac{2197}{125} - \frac{867}{200}i - \frac{10000.096}{1600} - \frac{0.34590390625}{32}i
$$

$$
z^3 = \frac{2197}{125} - \frac{867}{200}i - \frac{10000.096}{1600} - \frac{0.313606640625}{32}i
$$

$$
z^3 = \frac{2197}{125} - \frac{867}{200}i - \frac{10000.096}{1600} - \frac{0.2809990234375}{32}i
$$

$$
z^3 = \frac{2197}{125} - \frac{867}{200}i - \frac{10000.096}{1600} - \frac{0.2479921875}{32}i
$$

$$
z^3 = \frac{2197}{125} - \frac{867}{200}i - \frac{10000.096}{1600} - \frac{0.2050009765625}{32}i
$$

$$
z^3 = \frac{2197}{125} - \frac{867}{200}i - \frac{10000.096}{1600} - \frac{0.1610017578125}{32}i
$$

$$
z^3 = \frac{2197}{125} - \frac{867}{200}i - \frac{10000.096}{1600} - \frac{0.116004921875}{32}i
$$

$$
z^3 = \frac{2197}{125} - \frac{867}{200}i - \frac{10000.096}{1600} - \frac{0.0705095703125}{32}i
$$

$$
z^3 = \frac{2197}{125} - \frac{867}{200}i - \frac{10000.096}{1600} - \frac{0.02411484375}{32}i
$$

$$
z^3 = \frac{2197}{125} - \frac{867}{200}i - \frac{10000.096}{1600} - 0i
$$

$$
z^3 = \frac{2197}{125} - \frac{867}{200}i - \frac{10000.096}{1600}
$$

$$
z^3 = \frac{2197}{125} - \frac{867}{200}i - \frac{10000.096}{1600}
$$

$$
z^3 = \frac{2197}{125} - \frac{867}{200}i - \frac{10000.096}{1600}
$$

$$
z^3 = \frac{2197}{125} - \frac{867}{200}i - \frac{10000.096}{1600}
$$

$$
z^3 = \frac{2197}{125} - \frac{867}{200}i - \frac{10000.096}{1600}
$$

$$
z^3 = \frac{2197}{125} - \frac{867}{200}i - \frac{10000.096}{1600}
$$

$$
z^3 = \frac{2197}{125} - \frac{867}{200}i - \frac{10000.096}{1600}
$$

$$
z^3 = \frac{2197}{125} - \frac{867}{200}i - \frac{10000.096}{1600}
$$

$$
z^3 = \frac{2197}{125} - \frac{867}{200}i - \frac{10000.096}{1600}
$$

$$
z^3 = \frac{2197}{125} - \frac{867}{200}i - \frac{10000.096}{1600}
$$

$$
z^3 = \frac{2197}{125} - \frac{867}{200}i - \frac{10000.096}{1600}
$$

$$
z^3 = \frac{2197}{125} - \frac{867}{200}i - \frac{10000.096}{1600}
$$

$$
z^3 = \frac{2197}{125} - \frac{867}{200}i - \frac{10000.096}{1600}
$$

$$
z^3 = \frac{2197}{125} - \frac{867}{200}i - \frac{10000.096}{1600}
$$

$$
z^3 = \frac{2197}{125} - \frac{867}{200}i - \frac{10000.096}{1600}
$$

$$
z^3 = \frac{2197}{125} - \frac{867}{200}i - \frac{10000.096}{1600}
$$

$$
z^3 = \frac{2197}{125} - \frac{867}{200}i - \frac{10000.096}{1600}
$$

$$
z^3 = \frac{2197}{125} - \frac{867}{200}i - \frac{10000.096}{1600}
$$

$$
z^3 = \frac{2197}{125} - \frac{867}{200}i - \frac{10000.096}{1600}
$$

$$
z^3 = \frac{2197}{125} - \frac{867}{200}i - \frac{10000.096}{1600}
$$

$$
z^3 = \frac{2197}{125} - \frac{867}{200}i - \frac{10000.096}{1600}
$$

$$
z^3 = \frac{2197}{125} - \frac{867}{200}i - \frac{10000.096}{1600}
$$

$$
z^3 = \frac{2197}{125} - \frac{867}{200}i - \frac{10000.096}{1600}
$$

$$
z^3 = \frac{2197}{125} - \frac{867}{200}i - \frac{10000.096}{1600}
$$

$$
z^3 = \frac{2197}{125} - \frac{867}{200}i - \frac{10000.096}{1600}
$$

$$
z^3 = \frac{2197}{125} - \frac{867}{200}i - \frac{10000.096}{1600}
$$

$$
z^3 = \frac{2197}{125} - \frac{867}{200}i - \frac{10000.096}{1600}
$$

$$
z^3 = \frac{2197}{125} - \frac{867}{200}i - \frac{10000.096}{1600}
$$

$$
z^3 = \frac{2197}{125} - \frac{867}{200}i - \frac{10000.096}{1600}
$$

$$
z^3 = \frac{2197}{125} - \frac{867}{200}i - \frac{10000.096}{1600}
$$

$$
z^3 = \frac{2197}{125} - \frac{867}{200}i - \frac{10000.096}{1600}
$$

$$
z^3 = \frac{2197}{125} - \frac{867}{200}i - \frac{10000.096}{1600}
$$

$$
z^3 = \frac{2197}{125} - \frac{867}{200}i - \frac{10000.096}{1600}
$$

$$
z^3 = \frac{2197}{125} - \frac{867}{200}i - \frac{10000.096}{1600}
$$

$$
z^3 = \frac{2197}{125} - \frac{867}{200}i - \frac{10000.096}{1600}
$$

$$
z^3 = \frac{2197}{125} - \frac{867}{200}i - \frac{10000.096}{1600}
$$

$$
z^3 = \frac{2197}{125} - \frac{867}{200}i - \frac{10000.096}{1600}
$$

$$
z^3 = \frac{2197}{125} - \frac{867}{200}i - \frac{10000.096}{1600}
$$

$$
z^3 = \frac{2197}{125} - \frac{867}{200}i - \frac{10000.096}{1600}
$$

$$
z^3 = \frac{2197}{125} - \frac{867}{200}i - \frac{10000.096}{1600}
$$

$$
z^3 = \frac{2197}{125} - \frac{867}{200}i - \frac{10000.096}{1600}
$$

$$
z^3 = \frac{2197}{125} - \frac{867}{200}i - \frac{10000.096}{1600}
$$

$$
z^3 = \frac{2197}{125} - \frac{867}{200}i - \frac{10000.096}{1600}
$$

$$
z^3 = \frac{2197}{125} - \frac{867}{200}i - \frac{10000.096}{1600}
$$

$$
z^3 = \frac{2197}{125} - \frac{867}{200}i - \frac{10000.096}{1600}
$$

$$
z^3 = \frac{2197}{125} - \frac{867}{200}i - \frac{10000.096}{1600}
$$

$$
z^3 = \frac{2197}{125} - \frac{867}{200}i - \frac{10000.096}{1600}
$$

$$
z^3 = \frac{2197}{125} - \frac{867}{200}i - \frac{10000.096}{1600}
$$

$$
z^3 = \frac{2197}{125} - \frac{867}{200}i - \frac{10000.096}{1600}
$$

$$
z^3 = \frac{2197}{125} - \frac{867}{200}i - \frac{10000.096}{1600}
$$

$$
z^3 = \frac{2197}{125} - \frac{867}{200}i - \frac{10000.096}{1600}
$$

$$
z^3 = \frac{2197}{125} - \frac{867}{200}i - \frac{10000.096}{1600}
$$

$$
z^3 = \frac{2197}{125} - \frac{867}{200}i - \frac{10000.096}{1600}
$$

$$
z^3 = \frac{2197}{125} - \frac{867}{200}i - \frac{10000.096}{1600}
$$

$$
z^3 = \frac{2197}{125} - \frac{867}{200}i - \frac{10000.096}{1600}
$$

$$
z^3 = \frac{2197}{125} - \frac{867}{200}i - \frac{10000.096}{1600}
$$

$$
z^3 = \frac{2197}{125} - \frac{867}{200}i - \frac{10000.096}{1600}
$$

$$
z^3 = \frac{2197}{125} - \frac{867}{200}i - \frac{10000.096}{1600}
$$

$$
z^3 = \frac{2197}{125} - \frac{867}{200}i - \frac{10000.096}{1600}
$$

$$
z^3 = \frac{2197}{125} - \frac{867}{200}i - \frac{10000.096}{1600}
$$

$$
z^3 = \frac{2197}{125} - \frac{867}{200}i - \frac{10000.096}{1600}
$$

$$
z^3 = \frac{2197}{125} - \frac{867}{200}i - \frac{10000.096}{1600}
$$

$$
z^3 = \frac{2197}{125} - \frac{867}{200}i - \frac{10000.096}{1600}
$$

$$
z^3 = \frac{2197}{125} - \frac{867}{200}i - \frac{10000.096}{1600}
$$

$$
z^3 = \frac{2197}{125} - \frac{867}{200}i - \frac{10000.096}{1600}
$$

$$
z^3 = \frac{2197}{125} - \frac{867}{200}i - \frac{10000.096}{1600}
$$

$$
z^3 = \frac{2197}{125} - \frac{867}{200}i - \frac{10000.096}{1600}
$$

$$
z^3 = \frac{2197}{125} - \frac{867}{200}i - \frac{10000.096}{1600}
$$

$$
z^3 = \frac{2197}{125} - \frac{867}{200}i - \frac{10000.096}{1600}
$$

$$
z^3 = \frac{2197}{125} - \frac{867}{200}i -",
104,Số hữu tỉ,C,C,True,208,False,"Để tìm phần thực và phần ảo của số phức $\overline{z}$, ta làm theo các bước sau:

Bước 1: Viết $z$ dưới dạng $a+bi$, với $a$ là phần thực và $b$ là phần ảo.

$$z = - \dfrac{17}{2}+\dfrac{25}{4}i.$$

Bước 2: Để tìm $\overline{z}$, ta thay đổi dấu của phần ảo $b$.

$$\overline{z} = - \dfrac{17}{2}-\dfrac{25}{4}i.$$

Bước 3: Tìm phần thực và phần ảo của $\overline{z}$

Phần thực của $\overline{z}$ là $- \dfrac{17}{2}$.

Phần ảo của $\overline{z}$ là $-\dfrac{25}{4}$.

Kết luận:
Đáp án đúng: C",
105,Số hữu tỉ,A,A,True,264,False,"Bước 1: 
Để tìm phần thực và phần ảo của số phức $\overline{z}$, ta cần tìm giá trị của $z$ trước.
$$
z = \dfrac{1}{2} - \dfrac{13}{2}i
$$

Bước 2: 
Để tìm $\overline{z}$, ta lấy dấu ngược của $z$, tức là thay đổi dấu của cả phần thực và phần ảo.

$$
\begin{aligned}
\overline{z} &= \overline{\left(\dfrac{1}{2}-\dfrac{13}{2}i\right)}\\
&= \dfrac{1}{2}+\dfrac{13}{2}i
\end{aligned}
$$

Bước 3: 
Kết luận về phần thực và phần ảo của số phức $\overline{z}$.

$\overline{z} = \dfrac{1}{2}+\dfrac{13}{2}i$. 

Vậy phần thực của $\overline{z}$ là $\dfrac{1}{2}$ và phần ảo của $\overline{z}$ là $\dfrac{13}{2}i$.

Đáp án đúng: A",
106,Số hữu tỉ,C,C,True,285,False,"Để tìm phần thực và phần ảo của số phức $\overline{z}$, ta cần làm theo các bước sau:

Step 1: Viết lại số phức $z$ dưới dạng $z = a + bi$.

$$
z = - \dfrac{18}{5}-\dfrac{27}{5}i
$$

Ta có thể thấy rằng $a = - \dfrac{18}{5}$ và $b = - \dfrac{27}{5}$.

Step 2: Tìm $\overline{z}$ bằng cách thay thế $a$ và $b$ vào công thức $\overline{z} = a - bi$.

$$
\begin{aligned}
\overline{z} &= a - bi \\
&= - \dfrac{18}{5} - (- \dfrac{27}{5})i \\
&= - \dfrac{18}{5} + \dfrac{27}{5}i
\end{aligned}
$$

Step 3: Xác định phần thực và phần ảo của $\overline{z}$.

Phần thực của $\overline{z}$ là $-\dfrac{18}{5}$ và phần ảo của $\overline{z}$ là $\dfrac{27}{5}$.

Kết luận:
Đáp án đúng: C",
107,Số hữu tỉ,C,C,True,206,False,"Để tìm phần thực và phần ảo của số phức $\overline{z}$, ta cần làm theo các bước sau:

Step 1: Viết lại số phức $z$ dưới dạng $z = a + bi$.

$$
z = - \dfrac{44}{5}+\dfrac{33}{5}i
$$

Step 2: Lấy con số đối của $z$, ta có

$$
\overline{z} = a - bi = - \dfrac{44}{5} - \dfrac{33}{5}i
$$

Step 3: So sánh với biểu thức trong đề bài để xác định phần thực và phần ảo của số phức $\overline{z}$.

Phần thực của $\overline{z}$ là $-\dfrac{44}{5}$ và phần ảo của $\overline{z}$ là $-\dfrac{33}{5}i$.

Đáp án đúng: C",
108,Số hữu tỉ,C,C,True,221,False,"Để tìm phần thực và phần ảo của số phức $\overline{z}$, ta làm theo các bước sau:

Bước 1: Viết $z$ dưới dạng $a+bi$, với $a$ là phần thực và $b$ là phần ảo.

$$z = - \dfrac{29}{5}+\dfrac{12}{5}i.$$

Bước 2: Tìm $\overline{z}$ bằng cách thay thế $a$ và $b$ trong công thức $\overline{z}=a-bi$.

$$\overline{z}=- \dfrac{29}{5}-\dfrac{12}{5}i.$$

Bước 3: Xác định phần thực và phần ảo của $\overline{z}$.

- Phần thực của $\overline{z}$ là $-\dfrac{29}{5}$.
- Phần ảo của $\overline{z}$ là $-\dfrac{12}{5}i$.

Kết luận: Đáp án đúng: C",
109,Số hữu tỉ,B,C,False,251,False,"Để tìm phần thực và phần ảo của số phức $\overline{z}$, ta làm theo các bước sau:

Bước 1: Viết $z = - \dfrac{5}{3}+\dfrac{3}{2}i$ vào biểu thức $\overline{z}$ để có thể lấy con số thực và con số ảo.

$\overline{z} = -\left(-\dfrac{5}{3}\right)+\left(\dfrac{3}{2}\right)i$

Bước 2: Simplify biểu thức $\overline{z}$ bằng cách cộng phân số trong dấu ngoặc vuông

$\overline{z} = \dfrac{5}{3}+\dfrac{3}{2}i$

Bước 3: Tìm phần thực của số phức $\overline{z}$

Phần thực của $\overline{z}$ là $\dfrac{5}{3}$

Bước 4: Tìm phần ảo của số phức $\overline{z}$

Phần ảo của $\overline{z}$ là $\dfrac{3}{2}i$

Kết luận: 
Đáp án đúng: C",
110,Số hữu tỉ,D,C,False,206,False,"Bước 1: 
Để tìm phần thực và phần ảo của số phức $\overline{z}$, ta cần tìm số phức $z$ trước.

Ta có
$$z = - \dfrac{31}{5}-\dfrac{6}{5}i.$$

Bước 2: 
Giả sử $z = a+bi$, ta có $a=-\dfrac{31}{5}$ và $b=-\dfrac{6}{5}$

Bước 3: 
Tìm $\overline{z}$. Ta có $\overline{z}=a-bi = -\dfrac{31}{5}+\dfrac{6}{5}i.$

Bước 4: 
Vậy phần thực của $\overline{z}$ là $-\dfrac{31}{5}$ và phần ảo của $\overline{z}$ là $\dfrac{6}{5}i$.

Kết luận:
Đáp án đúng: C",
111,Số hữu tỉ,D,C,False,242,False,"Để tìm phần thực và phần ảo của số phức $\overline{z}$, ta cần làm theo các bước sau:

Step 1: Viết $z$ dưới dạng phân số
$$z = \frac{5}{2} - \frac{37}{5}i.$$

Step 2: Tìm con số đối của $z$
Con số đối của $z$ được tính bằng cách thay thế $i$ bằng $-i$ trong biểu thức của $z$:
$$\overline{z} = \frac{5}{2} + \frac{37}{5}i.$$

Step 3: Tính toán phần thực và phần ảo của $\overline{z}$
Phần thực của $\overline{z}$ là số hạng không có $i$ trong biểu thức của $\overline{z}$, tức là $\frac{5}{2}$.
Phần ảo của $\overline{z}$ là số hạng có $i$ trong biểu thức của $\overline{z}$, tức là $\frac{37}{5}i$.

Kết luận: 
Đáp án đúng: C",
112,Số hữu tỉ,A,C,False,590,False,"Để tìm phần thực và phần ảo của số phức $\overline{z}$, ta làm theo các bước sau:

Bước 1: Viết $z$ dưới dạng tổng phân phối:
$$
z = \frac{19}{3} - \frac{29}{4}i.
$$

Bước 2: Tìm con số mũ 2 của $z$, tức là tính $(\overline{z})^2$
Ta có công thức $(a + bi)^2 = (a^2 - b^2) + 2abi$

Vậy $(\overline{z})^2 = (\frac{19}{3} + \frac{29}{4}i)^2$

$= (\frac{19}{3})^2 - (\frac{29}{4})^2 + 2 * \frac{19}{3} * \frac{29}{4}i$

$= \frac{361}{9} - \frac{841}{16} + \frac{1122}{12}i$

$= \frac{361*16}{144} - \frac{841*9}{144} + \frac{1122}{12}i$

$= \frac{5776}{144} - \frac{7599}{144} + \frac{1122}{12}i$

$= \frac{818}{144} + \frac{1122}{12}i$

$= \frac{818}{144} + \frac{9408}{144}i$

$= \frac{2027}{288} + \frac{9408}{144}i$

$= \frac{2027}{288} + \frac{2352}{144}i$

$= \frac{2027}{288} + \frac{2352}{144}i$

$= \frac{2027}{288} + \frac{4704}{288}i$

Bước 3: Tìm $\overline{z}$ bằng cách lấy $\sqrt{\frac{2027}{288}}$ cho phần thực và $\sqrt{\frac{4704}{288}}$ cho phần ảo.

$\overline{z} = \frac{\sqrt{2027}}{288} + \frac{\sqrt{4704}}{288}i$

$\overline{z} = \frac{\sqrt{2027}}{288} + \frac{68.968}{288}i$

$\overline{z} = \frac{\sqrt{2027}}{288} + \frac{68.968}{288}i$

Kết luận: Phần thực của $\overline{z}$ là $\frac{\sqrt{2027}}{288}$ và phần ảo là $\frac{68.968}{288}i$

Đáp án đúng: C",
113,Số hữu tỉ,A,A,True,250,False,"Để tìm phần thực và phần ảo của số phức $\overline{z}$, ta làm theo các bước sau:

Bước 1: Viết $z$ dưới dạng tổng hợp:
$$
\begin{aligned}
z &= \dfrac{35}{4}-\dfrac{13}{4}i\\
&= \dfrac{35}{4} - i\dfrac{13}{4}\\
\end{aligned}
$$

Bước 2: Tìm $\overline{z}$ bằng cách thay thế $i$ bằng $-i$ trong $z$:
$$
\begin{aligned}
\overline{z} &= \dfrac{35}{4} + i\dfrac{13}{4}\\
&= \dfrac{35}{4} + i\dfrac{13}{4}\\
\end{aligned}
$$

Bước 3: So sánh với các đáp án để chọn đáp án đúng.

Từ biểu thức trên ta thấy phần thực của $\overline{z}$ là $\dfrac{35}{4}$ và phần ảo của $\overline{z}$ là $\dfrac{13}{4}$.

Đáp án đúng: A",
114,Số hữu tỉ,A,A,True,195,False,"Để tìm phần thực và phần ảo của số phức $\overline{z}$, ta làm theo các bước sau:

Bước 1: Viết $z$ dưới dạng $a+bi$, với $a$ là phần thực và $b$ là phần ảo.

$$z = - \dfrac{5}{4}+\dfrac{19}{4}i.$$

Bước 2: Tìm $\overline{z}$ bằng cách thay thế $a$ và $b$ trong công thức $\overline{z}=a-bi$.

$$\overline{z}=-\left(-\dfrac{5}{4}\right)-\dfrac{19}{4}i=\dfrac{5}{4}-\dfrac{19}{4}i.$$

Bước 3: So sánh với đáp án A, B, C, D để chọn đáp án đúng.

Đáp án đúng: A",
115,Số hữu tỉ,A,C,False,291,False,"Để tìm phần thực và phần ảo của số phức $\overline{z}$, ta làm theo các bước sau:

Bước 1: Viết $z$ dưới dạng $a+bi$, với $a$ là phần thực và $b$ là phần ảo.

$$z = - \dfrac{1}{2}+\dfrac{1}{2}i.$$

Bước 2: Tìm $\overline{z}$ bằng cách thay thế $a=-\dfrac{1}{2}$ và $b=\dfrac{1}{2}$ vào công thức $\overline{z}=a-bi$.

$\overline{z} = -\left(-\dfrac{1}{2}\right) - \left(\dfrac{1}{2}\right)i = \dfrac{1}{2}-\dfrac{1}{2}i.$

Bước 3: Xác định phần thực và phần ảo của $\overline{z}$ từ biểu thức $\overline{z} = \dfrac{1}{2}-\dfrac{1}{2}i$.

- Phần thực của $\overline{z}$ là $\dfrac{1}{2}$.
- Phần ảo của $\overline{z}$ là $-\dfrac{1}{2}i$.

Kết luận: Đáp án đúng: C.",
116,Số hữu tỉ,B,C,False,218,False,"Để tìm phần thực và phần ảo của số phức $\overline{z}$, ta làm theo các bước sau:

Bước 1: Viết $z$ dưới dạng $a+bi$, với $a$ là phần thực và $b$ là phần ảo.

$$z = - \dfrac{8}{3}-\dfrac{5}{2}i.$$

Bước 2: Để tìm $\overline{z}$, ta thay đổi dấu của phần ảo $b$.

$$\overline{z} = - \dfrac{8}{3} + \dfrac{5}{2}i.$$

Bước 3: So sánh $\overline{z}$ với $a+bi$ để xác định phần thực và phần ảo.

- Phần thực của $\overline{z}$ là $-\dfrac{8}{3}$.
- Phần ảo của $\overline{z}$ là $\dfrac{5}{2}i$.

Kết luận: Đáp án đúng: C.",
117,Số hữu tỉ,D,C,False,139,False,"Bước 1: 
Để tìm phần thực và phần ảo của số phức $\overline{z}$, ta cần tìm số phức $z$ trước.

Ta có công thức chuyển đổi dãy số phức $z = a+bi$ thành dãy số phức $z' = \overline{z} = a-bi$ với $a,b\in R$. 

Vậy phần thực của $\overline{z}$ là $a=-\dfrac{13}{2}$ và phần ảo của $\overline{z}$ là $-b=\dfrac{-7}{3}i$.

Kết luận:
Đáp án đúng: C",
118,Số hữu tỉ,A,A,True,208,False,"Để tìm phần thực và phần ảo của số phức $\overline{z}$, ta làm theo các bước sau:

Bước 1: Viết $z$ dưới dạng $a+bi$, với $a$ là phần thực và $b$ là phần ảo.

$$z = - \dfrac{15}{2}+\dfrac{26}{3}i.$$

Bước 2: Để tìm $\overline{z}$, ta thay đổi dấu của phần ảo $b$.

$$\overline{z} = - \dfrac{15}{2}-\dfrac{26}{3}i.$$

Bước 3: Tìm phần thực và phần ảo của $\overline{z}$

Phần thực của $\overline{z}$ là $- \dfrac{15}{2}$.

Phần ảo của $\overline{z}$ là $-\dfrac{26}{3}$.

Kết luận:
Đáp án đúng: A",
119,Số hữu tỉ,D,B,False,523,False,"Để tìm phần thực và phần ảo của số phức $\overline{z}$, ta cần làm theo các bước sau:

Step 1: Viết $z$ dưới dạng phân số
$$z = \dfrac{11}{2} - \dfrac{17}{2}i.$$

Step 2: Tìm con số mũ 2 của $z$ để có thể lấy phần thực và phần ảo dễ dàng

Ta có công thức:
$$
\begin{aligned}
z^2 &= \left(\dfrac{11}{2}-\dfrac{17}{2}i\right)^2 \\
&= \left(\dfrac{11}{2}\right)^2 - 2\times\dfrac{11}{2}\times\dfrac{17}{2}i + \left(\dfrac{17}{2}i\right)^2 \\
&= \dfrac{121}{4} - \dfrac{187}{4}i + \dfrac{289}{4}i^2\\
&= \dfrac{121}{4} - \dfrac{187}{4}i - \dfrac{289}{4}\\
&= \dfrac{-168}{4} - \dfrac{187}{4}i\\
&= -42 - \dfrac{187}{4}i.
\end{aligned}
$$

Step 3: Lấy phần thực và phần ảo của $z^2$

Từ công thức trên ta có
- Phần thực của $z^2$ là $-42$
- Phần ảo của $z^2$ là $-\dfrac{187}{4}$

Step 4: Tìm phần thực và phần ảo của $\overline{z}$

Ta có công thức:
$$
\begin{aligned}
\overline{z} &= z^*\\
&=\left(\dfrac{-42}{4}+\dfrac{-187}{4}i\right)\\
&=\dfrac{-42}{4}-\dfrac{187}{4}i.
\end{aligned}
$$

Vậy phần thực của $\overline{z}$ là $\dfrac{-42}{4}=-\dfrac{21}{2}$

Và phần ảo của $\overline{z}$ là $\dfrac{-187}{4}=-\dfrac{17}{2}i$.

Kết luận: Đáp án đúng là B.",
120,Số hữu tỉ,B,B,True,275,False,"Để tìm phần thực và phần ảo của số phức $\overline{z}$, ta làm theo các bước sau:

Bước 1: Viết $z$ dưới dạng tổng hợp:
$$
\begin{aligned}
z &= \dfrac{11}{2} + \dfrac{1}{4}i\\
&= \dfrac{11}{2} + \dfrac{1}{4}i
\end{aligned}
$$

Bước 2: Tìm con số đối (con số đối) của $z$, được gọi là $\overline{z}$:
$$
\begin{aligned}
\overline{z} &= \left(\dfrac{11}{2}\right) - \dfrac{1}{4}i\\
&= \dfrac{11}{2} - \dfrac{1}{4}i
\end{aligned}
$$

Bước 3: So sánh với các đáp án đã cho để xác định phần thực và phần ảo của $\overline{z}$.
- Phần thực của $\overline{z}$ là $\dfrac{11}{2}$.
- Phần ảo của $\overline{z}$ là $-\dfrac{1}{4}i$.

Kết luận: 
Đáp án đúng: B",
121,Số hữu tỉ,A,B,False,187,False,"Để tìm phần thực và phần ảo của số phức $\overline{z}$, ta làm theo các bước sau:

Bước 1: Viết $z$ dưới dạng $a+bi$, với $a$ là phần thực và $b$ là phần ảo.

$$z = - \dfrac{13}{5}-\dfrac{5}{2}i$$

Bước 2: Để tìm $\overline{z}$, ta thay đổi dấu của phần ảo $b$.

$$\overline{z} = - \dfrac{13}{5} + \dfrac{5}{2}i$$

Bước 3: So sánh $\overline{z}$ với các đáp án.

$\overline{z} = - \dfrac{13}{5} + \dfrac{5}{2}i$

Vậy đáp án đúng là B.",
122,Số hữu tỉ,C,C,True,297,False,"Để tìm phần thực và phần ảo của số phức $\overline{z}$, ta cần làm theo các bước sau:

Step 1: Viết lại số phức $z$ dưới dạng $z = a + bi$.

$$
z = - \dfrac{19}{5}-\dfrac{14}{3}i
$$

Ta có thể viết $z$ dưới dạng $z = a + bi$ như sau:

$$
z = - \dfrac{19}{5} - \dfrac{14}{3}i
$$

Vì $a = - \dfrac{19}{5}$ và $b = - \dfrac{14}{3}$

Step 2: Tìm $\overline{z}$ bằng cách thay thế $a$ và $b$ vào công thức $\overline{z} = a - bi$

$$
\begin{aligned}
\overline{z} &= a - bi \\
&= - \dfrac{19}{5} - (- \dfrac{14}{3})i\\
&= - \dfrac{19}{5} + \dfrac{14}{3}i
\end{aligned}
$$

Vậy phần thực của $\overline{z}$ là $- \dfrac{19}{5}$ và phần ảo là $\dfrac{14}{3}$.

Đáp án đúng: C",
123,Số hữu tỉ,C,C,True,295,False,"Để tìm phần thực và phần ảo của số phức $\overline{z}$, ta làm theo các bước sau:

Bước 1: Viết $z$ dưới dạng tổng hợp:
$$
\begin{aligned}
z &= \dfrac{23}{5} + \dfrac{13}{3}i\\
&= \dfrac{23}{5} + \dfrac{13}{3}i
\end{aligned}
$$

Bước 2: Tìm con số đối (con số đối) của $z$, được ký hiệu bằng $\overline{z}$ là cách lấy dấu ngược với $z$ và thay thế $i$ bằng $-i$.
$$
\begin{aligned}
\overline{z} &= \overline{\left(\dfrac{23}{5} + \dfrac{13}{3}i\right)} \\
&= \dfrac{23}{5} - \dfrac{13}{3}i
\end{aligned}
$$

Bước 3: Xác định phần thực và phần ảo của $\overline{z}$ từ biểu thức trên.
- Phần thực của $\overline{z}$ là $\dfrac{23}{5}$.
- Phần ảo của $\overline{z}$ là $-\dfrac{13}{3}i$.

Kết luận: Đáp án đúng: C.",
124,Số hữu tỉ,C,C,True,223,False,"Để tìm phần thực và phần ảo của số phức $\overline{z}$, ta làm theo các bước sau:

Bước 1: Viết $z$ dưới dạng tổng hợp:
$$
\begin{aligned}
z &= \dfrac{1}{4} + \dfrac{43}{5}i\\
&= \dfrac{5}{20} + \dfrac{43}{5}i\\
&= \dfrac{5+172i}{20}
\end{aligned}
$$

Bước 2: Tìm $\overline{z}$ bằng cách thay đổi dấu của phần ảo trong $z$:
$$
\begin{aligned}
\overline{z} &= \dfrac{5-172i}{20}\\
&= \dfrac{5}{20} - \dfrac{172}{20}i\\
&= \dfrac{1}{4} - \dfrac{43}{10}i
\end{aligned}
$$

Kết luận:
Đáp án đúng: C",
125,Số hữu tỉ,A,C,False,195,False,"Bước 1: 
Để tìm phần thực và phần ảo của số phức $\overline{z}$, ta cần tìm con số đối (con số đối của một số phức là một số phức có cùng phần thực và trái dấu với phần ảo của số nguyên đó).

Bước 2:
Ta được $z = \dfrac{4}{3}-\dfrac{31}{5}i$.

Bước 3:
Vì số phức $z$ có dạng $a+bi$, do đó số phức $\overline{z}$ sẽ có dạng $a-bi$.

Bước 4:
Do đó, phần thực của $\overline{z}$ là $a=\dfrac{4}{3}$ và phần ảo của $\overline{z}$ là $-b=-(-\dfrac{31}{5})=\dfrac{31}{5}$.

Kết luận: 
Đáp án đúng: C",
126,Số hữu tỉ,B,B,True,187,False,"Để tìm phần thực và phần ảo của số phức $\overline{z}$, ta làm theo các bước sau:

Bước 1: Viết $z$ dưới dạng $a+bi$, với $a$ là phần thực và $b$ là phần ảo.

$$z = - \dfrac{37}{5}+\dfrac{17}{4}i.$$

Bước 2: Để tìm $\overline{z}$, ta thay đổi dấu của phần ảo $b$.

$$\overline{z} = - \dfrac{37}{5} - \dfrac{17}{4}i.$$

Bước 3: So sánh $\overline{z}$ với các đáp án.

$\overline{z} = - \dfrac{37}{5} - \dfrac{17}{4}i$

Vậy đáp án đúng là B.",
127,Số vô tỉ,B,C,False,170,False,"Bước 1: Viết $z$ theo dạng phân số
$$
z = 3\sqrt{5} - 2\sqrt{10}i
$$

Bước 2: Tìm $\overline{z}$
$\overline{z}$ được định nghĩa là con số phức có cùng phần thực và ngược dấu với $z$. Do đó,
$$
\overline{z} = 3\sqrt{5} + 2\sqrt{10}i
$$

Bước 3: Xác định phần thực và phần ảo của $\overline{z}$
Phần thực của $\overline{z}$ là $3\sqrt{5}$ và phần ảo là $2\sqrt{10}i$.

Kết luận:
Đáp án đúng: C",
128,Số vô tỉ,D,C,False,110,False,"Bước 1: 
Để tìm phần thực và phần ảo của $\overline{z}$, ta cần phải tính $\overline{z}$ trước.
$\overline{z} = 6 - \sqrt{2}i$

Bước 2:
Phần thực của số phức $\overline{z}$ là $6$.

Bước 3:
Phần ảo của số phức $\overline{z}$ là $- \sqrt{2}i$.

Kết luận:
Đáp án đúng: C",
129,Số vô tỉ,A,C,False,284,False,"Bước 1: 
Để tìm phần thực và phần ảo của số phức $\overline{z}$, ta cần tìm con số đối (con số đối) của số phức $z = - \sqrt{2} + \sqrt{3}i$ trước. Con số đối của một số phức $a+bi$ là $a-bi$. 

Vậy, con số đối của $z = - \sqrt{2} + \sqrt{3}i$ là $\overline{z} = - \sqrt{2} - \sqrt{3}i$

Bước 2:
Tiếp theo, chúng ta cần tìm phần thực và phần ảo của số phức $\overline{z}$. Phần thực của một số phức là số thực trong phần tử phức và phần ảo là phần tử khái niệm về số phức.

- Phần thực của $\overline{z}$ là số thực trong phần tử $\overline{z} = - \sqrt{2} - \sqrt{3}i$, đó là $- \sqrt{2}$.
- Phần ảo của $\overline{z}$ là số ảo trong phần tử $\overline{z} = - \sqrt{2} - \sqrt{3}i$, đó là $-\sqrt{3}i$.

Kết luận:
Đáp án đúng: C",
130,Số vô tỉ,B,B,True,197,False,"Để tìm phần thực và phần ảo của số phức $\overline{z}$, ta làm theo các bước sau:

Bước 1: Viết số phức $z$ trong dạng $z = a + bi$, nơi $a$ là phần thực và $b$ là phần ảo.
$$z = 2 \sqrt{10} - \sqrt{11}i$$

Bước 2: Tìm $\overline{z}$ bằng cách thay thế $i$ bằng $- i$ trong biểu thức của $z$.
$$\overline{z} = 2 \sqrt{10} - (- \sqrt{11})i = 2 \sqrt{10} + \sqrt{11}i$$

Bước 3: So sánh với biểu thức đã viết ở Bước 1 để xác định phần thực và phần ảo của $\overline{z}$.

Kết luận: 
Đáp án đúng: B",
131,Số vô tỉ,D,C,False,167,False,"Bước 1: 
Để tìm phần thực và phần ảo của $\overline{z}$, ta cần tìm con số đối của $z$.

Bước 2: 
Con số đối của một số phức $z=a+bi$ là $\overline{z}=a-bi$, do đó con số đối của $z=\sqrt{2}-\sqrt{10}i$ là $\overline{z}=\sqrt{2}+\sqrt{10}i$.

Bước 3: 
Vì $\overline{z}=\sqrt{2}+\sqrt{10}i$, ta thấy phần thực của $\overline{z}$ là $\sqrt{2}$ và phần ảo là $\sqrt{10}i$.

Kết luận:
Đáp án đúng: C",
132,Số vô tỉ,C,C,True,151,False,"Để tìm phần thực và phần ảo của $\overline{z}$, ta làm theo các bước sau:

1. First, chúng ta cần tìm số phức $\overline{z}$.
$\overline{z} = -8-4 \sqrt{2}i$

2. Giả sử $z=a+bi$, với $a$ là phần thực và $b$ là phần ảo của số phức $z$. 
Vì vậy, $a=-8$ và $b=4\sqrt{2}$

3. Do đó, phần thực của $\overline{z}$ là $-8$ và phần ảo là $-4\sqrt{2}$.

Đáp án đúng: C",
133,Số vô tỉ,D,C,False,278,False,"Để tìm phần thực và phần ảo của số phức $\overline{z}$, ta làm theo các bước sau:

1. Lời giải:
    - Ta được số phức $z = -1-4 \sqrt{5}i$.
    - Để tìm phần thực và phần ảo của $\overline{z}$, ta cần tìm con số đối (con số đối) của $z$. Con số đối của một số phức $z = a+bi$ là $\overline{z} = a-bi$, với $a$ là phần thực và $b$ là phần ảo.

2. Bắt đầu bằng việc tìm con số đối của số phức $z = -1-4 \sqrt{5}i$:
    - Phần thực của $z$ là $-1$.
    - Phần ảo của $z$ là $-4\sqrt{5}$.
    - Vì vậy, con số đối của $z$ sẽ là $\overline{z} = -1 + 4\sqrt{5}i$.

3. Từ đây, ta thấy rằng phần thực của $\overline{z}$ là $-1$ và phần ảo của $\overline{z}$ là $4\sqrt{5}i$.

Kết luận: Đáp án đúng: C",
134,Số vô tỉ,C,C,True,151,False,"Để tìm phần thực và phần ảo của số phức $\overline{z}$, ta làm theo các bước sau:

Bước 1: Viết biểu thức cho $z$:
$$z = 3 \sqrt{10}+3 \sqrt{5}i$$

Bước 2: Tìm $\overline{z}$ bằng cách thay thế $i$ bằng $-i$ trong biểu thức của $z$:
$$\overline{z} = 3 \sqrt{10}-3 \sqrt{5}i$$

Bước 3: So sánh với các đáp án để tìm phần thực và phần ảo của $\overline{z}$.

Kết luận:
Đáp án đúng: C",
135,Số vô tỉ,A,D,False,218,False,"Bước 1: 
Để tìm phần thực và phần ảo của số phức $\overline{z}$, ta cần tìm giá trị của $\overline{z}$ trước.

$z = -3\sqrt{10}-6i$

Bước 2:
Số phức có thể được viết dưới dạng $z=a+bi$, với $a$ là phần thực và $b$ là phần ảo. Vì vậy, để tìm $\overline{z}$, ta sẽ lấy phần thực và phần ảo của $z$ và đổi dấu của chúng.

$\overline{z} = a-bi$

Bước 3:
Trong trường hợp này, $a=-3\sqrt{10}$ và $b=-6$. Do đó, $\overline{z} = -3\sqrt{10}+6i$


Bước 4:
Vậy phần thực của $\overline{z}$ là $-3\sqrt{10}$ và phần ảo là $6i$.


Kết luận:
Đáp án đúng: D",
136,Số vô tỉ,D,C,False,172,False,"Để tìm phần thực và phần ảo của số phức $\overline{z}$, ta làm theo các bước sau:

Bước 1: Viết $z$ dưới dạng phân tích số phức:
$$
z = 2\sqrt{3} - 4i
$$

Bước 2: Tìm $\overline{z}$ bằng cách thay thế $i$ bằng $-i$:
$$
\begin{aligned}
\overline{z} &= 2\sqrt{3} - 4(-i)\\
&= 2\sqrt{3} + 4i
\end{aligned}
$$

Bước 3: So sánh với các đáp án để tìm phần thực và phần ảo của $\overline{z}$.

Kết luận: 
Đáp án đúng: C",
137,Số vô tỉ,B,B,True,170,False,"Bước 1: Viết $z$ theo dạng phân số
$$
z = 3\sqrt{3} - 2\sqrt{10}i
$$

Bước 2: Tìm $\overline{z}$
$\overline{z}$ được định nghĩa là con số phức có cùng phần thực và ngược dấu với $z$. Do đó,
$$
\overline{z} = 3\sqrt{3} + 2\sqrt{10}i
$$

Bước 3: Xác định phần thực và phần ảo của $\overline{z}$
Phần thực của $\overline{z}$ là $3\sqrt{3}$ và phần ảo là $2\sqrt{10}i$.

Kết luận:
Đáp án đúng: B",
138,Số vô tỉ,B,B,True,150,False,"Để tìm phần thực và phần ảo của số phức $\overline{z}$, ta cần thực hiện các bước sau:

1. Lấy giá trị của $z$: $z = -4\sqrt{10} + 3i$.
2. Lấy giá trị của $\overline{z}$ bằng cách thay đổi dấu của phần ảo: $\overline{z} = -4\sqrt{10} - 3i$.

Giải tích: 

- Phần thực của $\overline{z}$ là - $4 \sqrt{10}$.
- Phần ảo của $\overline{z}$ là $-3i$.

Kết luận: 
Đáp án đúng: B",
139,Số vô tỉ,C,C,True,151,False,"Để tìm phần thực và phần ảo của số phức $\overline{z}$, ta làm theo các bước sau:

Bước 1: Viết biểu thức cho $z$:
$$z = 2 \sqrt{11}+2 \sqrt{7}i$$

Bước 2: Tìm $\overline{z}$ bằng cách thay thế $i$ bằng $-i$ trong biểu thức của $z$:
$$\overline{z} = 2 \sqrt{11}-2 \sqrt{7}i$$

Bước 3: So sánh với các đáp án để tìm phần thực và phần ảo của $\overline{z}$.

Kết luận:
Đáp án đúng: C",
140,Số vô tỉ,B,B,True,253,False,"Để tìm phần thực và phần ảo của số phức $\overline{z}$, ta làm theo các bước sau:

Bước 1: Viết số phức $z$ trong dạng $z = a + bi$, nơi $a$ là phần thực và $b$ là phần ảo.
$$z = 3 \sqrt{5} - \sqrt{10}i$$

Bước 2: Tìm $\overline{z}$ bằng cách thay thế $i$ bằng $-i$ trong biểu thức của $z$.
$$\overline{z} = 3 \sqrt{5} - \sqrt{10}(-i)$$
$$\overline{z} = 3 \sqrt{5} + \sqrt{10}i$$

Bước 3: So sánh với biểu thức $\overline{z} = a + bi$ để xác định phần thực và phần ảo của $\overline{z}$.
- Phần thực của $\overline{z}$ là $a = 3 \sqrt{5}$.
- Phần ảo của $\overline{z}$ là $b = \sqrt{10}$.

Kết luận: Đáp án đúng: B",
141,Số vô tỉ,C,C,True,240,False,"Để tìm phần thực và phần ảo của số phức $\overline{z}$, ta làm theo các bước sau:

Bước 1: Viết số phức $z$ dưới dạng $a+bi$, trong đó $a$ là phần thực và $b$ là phần ảo.
$$z = -7 - \sqrt{6}i$$

Bước 2: Tìm công thức để tìm phần thực và phần ảo của một số phức $\overline{z}$:
$$\overline{z} = a - bi$$
Vậy phần thực của $\overline{z}$ là $a$ và phần ảo của $\overline{z}$ là $-b$.

Bước 3: Thay giá trị của $a$ và $b$ vào công thức trên để tìm phần thực và phần ảo của $\overline{z}$:
Phần thực của $\overline{z}$ là $a = -7$
Phần ảo của $\overline{z}$ là $-b = -(-\sqrt{6}) = \sqrt{6}$

Kết luận:
Đáp án đúng: C",
142,Số vô tỉ,B,B,True,281,False,"Bước 1: Viết $z$ theo dạng phân số
$$
z = 4\sqrt{2}-4\sqrt{5}i.
$$

Bước 2: Tìm phần thực và phần ảo của $z$
- Phần thực của $z$ là $4\sqrt{2}$.
- Phần ảo của $z$ là $-4\sqrt{5}i$.

Bước 3: Tìm $\overline{z}$
Để tìm $\overline{z}$, ta lấy phần thực và phần ảo của $z$ và thay đổi dấu của phần ảo.
$$
\begin{aligned}
\overline{z} &= \overline{4\sqrt{2}-4\sqrt{5}i}\\
&= 4\sqrt{2} - (-4\sqrt{5}i)\\
&= 4\sqrt{2} + 4\sqrt{5}i.
\end{aligned}
$$

Bước 4: Tìm phần thực và phần ảo của $\overline{z}$
- Phần thực của $\overline{z}$ là $4\sqrt{2}$.
- Phần ảo của $\overline{z}$ là $4\sqrt{5}$.

Kết luận: 
Đáp án đúng: B",
143,Số vô tỉ,C,C,True,115,False,"Bước 1: 
Để tìm phần thực và phần ảo của số phức $\overline{z}$, ta cần tìm giá trị của $\overline{z}$ trước.

$z = 2\sqrt{6} + 5i$

$\overline{z} = 2\sqrt{6} - 5i$

Bước 2:
Giá trị của phần thực là $2\sqrt{6}$

Giá trị của phần ảo là $-5i$

Kết luận: 
Đáp án đúng: C",
144,Số vô tỉ,D,C,False,145,False,"Bước 1: 
Để tìm phần thực và phần ảo của $\overline{z}$, ta cần phải tính $\overline{z}$ trước.
$\overline{z} = -7-\sqrt{5}i$

Bước 2:
Để tìm phần thực và phần ảo của số phức $\overline{z}$, ta cần phải tính phần thực và phần ảo của $\overline{z}$.

$ \overline{z} = -7 -\sqrt{5}i$

Phần thực của $\overline{z}$ là $-7$, phần ảo là $-\sqrt{5}i$

Kết luận:
Đáp án đúng: C",
145,Số vô tỉ,B,C,False,199,False,"Bước 1: 
Ta có số phức $z = -4\sqrt{5} - \sqrt{10}i$. Để tìm phần thực và phần ảo của $\overline{z}$, ta cần tìm giá trị của $\overline{z}$ trước.
Bước 2:
Để tìm $\overline{z}$, ta đổi dấu của cả phần thực và phần ảo của $z$.
$\overline{z} = -(-4\sqrt{5}) - (-\sqrt{10}i) = 4\sqrt{5} + \sqrt{10}i$
Bước 3: 
Giải thích về phần thực và phần ảo của $\overline{z}$.
- Phần thực của $\overline{z}$ là $4\sqrt{5}$.
- Phần ảo của $\overline{z}$ là $\sqrt{10}i$.
Kết luận:
Đáp án đúng: C",
146,Số vô tỉ,D,A,False,194,False,"Bước 1: 
Để tìm phần thực và phần ảo của $\overline{z}$, ta cần phải tính $\overline{z}$ trước.
$\overline{z} = 8 - \sqrt{2}i$

Bước 2:
Phần thực của số phức $\overline{z}$ là phần không có dấu $i$, do đó sẽ là số thực. 
Vì số phức $\overline{z}$ là $8 - \sqrt{2}i$, nên phần thực của $\overline{z}$ là 8.

Bước 3:
Phần ảo của số phức $\overline{z}$ là số có chứa $i$. Vì số phức $\overline{z}$ là $8 - \sqrt{2}i$, nên phần ảo của $\overline{z}$ là $-\sqrt{2}i$.

Kết luận: 
Đáp án đúng: A",
147,Số vô tỉ,A,C,False,182,False,"Bước 1: Viết $z$ theo dạng phân số
$$
z = 2\sqrt{2} - 2\sqrt{3}i
$$

Bước 2: Tìm $\overline{z}$
$\overline{z}$ được định nghĩa là con số phức có cùng phần thực và ngược dấu với số phức $z$. Vì $z = 2\sqrt{2}-2\sqrt{3}i$, nên $\overline{z}=2\sqrt{2}+2\sqrt{3}i$

Bước 3: Xác định phần thực và phần ảo của $\overline{z}$
Phần thực của $\overline{z}$ là $2\sqrt{2}$, phần ảo là $2\sqrt{3}i$

Kết luận: 
Đáp án đúng: C",
148,Số vô tỉ,D,C,False,251,False,"Để tìm phần thực và phần ảo của số phức $\overline{z}$, ta làm theo các bước sau:

1. Lời giải:
Ta có $z = 1+2 \sqrt{6}i$.

Bước 1: Tìm phần thực và phần ảo của $z$.
- Phần thực của $z$: $Re(z) = 1$
- Phần ảo của $z$: $Im(z) = 2\sqrt{6}$

Bước 2: Tìm $\overline{z}$.
$\overline{z} = Re(z)- i Im(z)$
$\overline{z} = 1 - i (2\sqrt{6})$
$\overline{z} = 1 - 2\sqrt{6}i$

Bước 3: Tìm phần thực và phần ảo của $\overline{z}$.
- Phần thực của $\overline{z}$: $Re(\overline{z}) = 1$
- Phần ảo của $\overline{z}$: $Im(\overline{z}) = -2\sqrt{6}$

Kết luận: 
Đáp án đúng: C",
149,Số vô tỉ,D,C,False,169,False,"Để tìm phần thực và phần ảo của số phức $\overline{z}$, ta làm theo các bước sau:

1. Lời giải:
    - Ta có $z = -2+4 \sqrt{3}i$.
    - Số phức $\overline{z}$ được xác định là: 
$$
\overline{z} = -2-4 \sqrt{3}i
$$

2. Từ biểu thức trên, ta có thể thấy:
    - Phần thực của $\overline{z}$ là số không có phần imaginary, đó là $-2$.
    - Phần ảo của $\overline{z}$ là số có phần imaginary, đó là $- 4 \sqrt{3}i$.

Kết luận: 
Đáp án đúng: C",
150,Số vô tỉ,B,B,True,218,False,"Bước 1: 
Để tìm phần thực và phần ảo của số phức $\overline{z}$, ta cần tìm giá trị của $\overline{z}$ trước.

$z = -4\sqrt{7}-4i$

Bước 2:
Số phức có thể được viết dưới dạng $z=a+bi$, với $a$ là phần thực và $b$ là phần ảo. Vì vậy, để tìm $\overline{z}$, ta sẽ lấy phần thực và phần ảo của $z$ và đổi dấu của chúng.

$\overline{z} = a-bi$

Bước 3:
Trong trường hợp này, $a=-4\sqrt{7}$ và $b=-4$. Do đó, $\overline{z} = -4\sqrt{7}+4i$


Bước 4:
Vậy phần thực của $\overline{z}$ là $-4\sqrt{7}$ và phần ảo là $4i$.


Kết luận:
Đáp án đúng: B",
151,Số vô tỉ,D,C,False,267,False,"Để tìm phần thực và phần ảo của số phức $\overline{z}$, ta làm theo các bước sau:

1. Lời giải:
    - Ta được số phức $z = -1-3 \sqrt{7}i$.
    - Để tìm phần thực và phần ảo của $\overline{z}$, ta cần tìm con số đối (con số đối) của $z$. Con số đối của một số phức $z = a+bi$ là $\overline{z} = a-bi$, với $a$ là phần thực và $b$ là phần ảo.

2. Bắt đầu tìm con số đối của số phức $z$ bằng cách lấy phần thực và phần ảo của $z$ và đổi chỗ chúng lại.
$$\begin{aligned}
z &= -1-3\sqrt{7}i \\
\overline{z} &= -(-1)-3\sqrt{7}i\\
&=1-3\sqrt{7}i
\end{aligned}$$

3. Từ công thức trên ta thấy phần thực của $\overline{z}$ là $1$ và phần ảo là $-3\sqrt{7}i$

4. Kết luận: Đáp án đúng là C",
152,Số vô tỉ,B,B,True,143,False,"Để tìm phần thực và phần ảo của $\overline{z}$, ta làm theo các bước sau:

1. First, chúng ta cần tìm số phức $\overline{z}$. Để làm điều này, ta lấy phần thực và phần ảo của $z$ và đổi chỗ lại.
$$\overline{z} = -6 + 3 \sqrt{7}i$$

2. Sau đó, chúng ta có thể xác định được phần thực và phần ảo của $\overline{z}$ là:
- Phần thực: $-6$
- Phần ảo: $3 \sqrt{7}i$

Kết luận: Đáp án đúng: B",
153,Số vô tỉ,A,D,False,191,False,"Để tìm phần thực và phần ảo của $\overline{z}$, ta làm theo các bước sau:

1. First, chúng ta cần tìm số phức $\overline{z}$. Để làm điều này, ta lấy phần thực và phần ảo của $z$ và đổi dấu của phần ảo.

$$\overline{z} = -7 + (-3 \sqrt{5})i = -7 - 3 \sqrt{5}i.$$

2. Giả sử $z = a + bi$, thì phần thực của $z$ là $a$ và phần ảo của $z$ là $b$. 

3. Từ câu trả lời của bạn có thể thấy, phần thực của $\overline{z}$ là $-7$ và phần ảo là $- 3 \sqrt{5}i$, do đó đáp án D chính xác.

Đáp án đúng: D",
154,Số vô tỉ,B,C,False,172,False,"Để tìm phần thực và phần ảo của số phức $\overline{z}$, ta làm theo các bước sau:

Bước 1: Viết $z$ dưới dạng phân tích số phức:
$$
z = 2\sqrt{7} - 3i
$$

Bước 2: Tìm $\overline{z}$ bằng cách thay thế $i$ bằng $-i$:
$$
\begin{aligned}
\overline{z} &= 2\sqrt{7} - 3(-i)\\
&= 2\sqrt{7} + 3i
\end{aligned}
$$

Bước 3: So sánh với các đáp án để tìm phần thực và phần ảo của $\overline{z}$.

Kết luận: 
Đáp án đúng: C",
155,Số vô tỉ,D,C,False,196,False,"Để tìm phần thực và phần ảo của số phức $\overline{z}$, ta làm theo các bước sau:

Bước 1: Viết $z$ dưới dạng phân tích số phức:
$$
z = 2\sqrt{6} - 8i
$$

Bước 2: Tìm $\overline{z}$ bằng cách thay đổi dấu của phần ảo:
$$
\overline{z} = 2\sqrt{6} + 8i
$$

Bước 3: Tìm phần thực và phần ảo của $\overline{z}$:

- Phần thực của $\overline{z}$ là số thực trong $\overline{z}$, đó là $2\sqrt{6}$.
- Phần ảo của $\overline{z}$ là số ảo trong $\overline{z}$, đó là $8i$.

Kết luận: Đáp án đúng là C",
156,Số vô tỉ,C,C,True,142,False,"Để tìm phần thực và phần ảo của $\overline{z}$, ta cần thực hiện các bước sau:

1. Viết $z$ dưới dạng phân số phức:
$$ z = -2 + 2 \sqrt{11} i $$
2. Tìm $\overline{z}$ bằng cách thay thế $i$ bằng $-i$ trong biểu thức của $z$:
$$ \overline{z} = -2 - 2 \sqrt{11} i $$
3. So sánh với các đáp án đã cho để tìm phần thực và phần ảo của $\overline{z}$.

Kết luận: 
Đáp án đúng: C",
