STT,Mã dạng,Nguồn,id_goc,Loại biến thể,Đề bài,Đáp án đúng,Lời giải,Kiểm tra độc lập
1,D01,Câu gốc,p006_q12,,"Giải phương trình $\log_4(x-1) = 3$.
A. $x = 63$.
B. $x = 65$.
C. $x = 80$.
D. $x = 82$.",B. x = 65,,Đạt (câu gốc)
2,D01,Câu gốc,p079_q06,,"Nghiệm của phương trình $\log_3(2x-1)=2$ là
A. $x=3$.
B. $x=5$.
C. $x=\dfrac{9}{2}$.
D. $x=\dfrac{7}{2}$.",B. $x=5$.,,Đạt (câu gốc)
3,D01,Câu gốc,p109_q10,,"Nghiệm của phương trình $\log_2(x+4)=3$ là
A. $x=5$.
B. $x=4$.
C. $x=2$.
D. $x=12$.",B. $x=4$.,,Đạt (câu gốc)
4,D01,Câu gốc,p191_q08,,"Nghiệm của phương trình $\log_2(x-1)=3$ là
A. $x=10$.
B. $x=8$.
C. $x=9$.
D. $x=7$.",C. $x=9$.,,Đạt (câu gốc)
5,D01,Câu gốc,p210_q27,,"Nghiệm của phương trình $\log_5(3x)=2$ là
A. 25.
B. $\dfrac{32}{3}$.
C. 32.
D. $\dfrac{25}{3}$.",D. $\dfrac{25}{3}$,,Đạt (câu gốc)
6,D12,Câu gốc,p020_q13,,"Tìm nghiệm của phương trình $3^{x-1} = 27$.
A. $x = 9$.
B. $x = 3$.
C. $x = 4$.
D. $x = 10$.",C. x = 4,,Đạt (câu gốc)
7,D12,Câu gốc,p093_q03,,"Nghiệm của phương trình $3^{x-1}=27$ là
A. $x=4$.
B. $x=3$.
C. $x=2$.
D. $x=1$.",A. $x=4$.,,Đạt (câu gốc)
8,D12,Câu gốc,p172_q13,,"Nghiệm của phương trình $3^{2x+1}=27$ là
A. 2.
B. 1.
C. 5.
D. 4.",B. 1.,,Đạt (câu gốc)
9,D12,Câu gốc,p192_q13,,"Nghiệm của phương trình $3^{x-2}=9$ là
A. $x=-3$.
B. $x=3$.
C. $x=4$.
D. $x=-4$.",C. $x=4$,,Đạt (câu gốc)
10,D18,Câu gốc,p031_q02,,"Tìm đạo hàm của hàm số $y = \log x$.
A. $y' = \dfrac{1}{x}$.
B. $y' = \dfrac{\ln 10}{x}$.
C. $y' = \dfrac{1}{x\ln 10}$.
D. $y' = \dfrac{1}{10\ln x}$.",C. y' = 1/(x ln10),,Đạt (câu gốc)
11,D18,Câu gốc,p111_q22,,"Trên khoảng $(0;+\infty)$, đạo hàm của hàm số $y=\log_2 x$ là
A. $y'=\dfrac{1}{x\ln 2}$.
B. $y'=\dfrac{\ln 2}{x}$.
C. $y'=\dfrac{1}{x}$.
D. $y'=\dfrac{1}{2x}$.",A. $y'=\dfrac{1}{x\ln 2}$.,,Đạt (câu gốc)
12,D18,Câu gốc,p121_q02,,"Trên khoảng $(0;+\infty)$, đạo hàm của hàm số $y=\log_3 x$ là
A. $y'=\dfrac{1}{x}$.
B. $y'=\dfrac{1}{x\ln3}$.
C. $y'=\dfrac{\ln3}{x}$.
D. $y'=-\dfrac{1}{x\ln3}$.",B. $y'=\dfrac{1}{x\ln3}$.,,Đạt (câu gốc)
13,D53,Câu gốc,p006_q14,,"Giải bất phương trình $\log_2(3x-1) > 3$.
A. $x > 3$.
B. $\dfrac{1}{3} < x < 3$.
C. $x < 3$.
D. $x > \dfrac{10}{3}$.",A. x > 3,,Đạt (câu gốc)
14,D53,Câu gốc,p124_q21,,"Tập nghiệm của bất phương trình $\log(x-2)>0$ là
A. $(2;3)$.
B. $(-\infty;3)$.
C. $(3;+\infty)$.
D. $(12;+\infty)$.",C. $(3;+\infty)$.,,Đạt (câu gốc)
15,D53,Câu gốc,p221_q08,,"Tập nghiệm của bất phương trình $\log_3(2x)>2$ là
A. $(0;4)$.
B. $\left(\dfrac92;+\infty\right)$.
C. $\left(0;\dfrac92\right)$.
D. $(4;+\infty)$.",B. $\left(\dfrac92;+\infty\right)$,,Đạt (câu gốc)
16,D53,Câu gốc,p236_q12,,"Tập nghiệm của bất phương trình $\log_5(x+1)>2$ là
A. $(9;+\infty)$.
B. $(25;+\infty)$.
C. $(31;+\infty)$.
D. $(24;+\infty)$.",D. $(24;+\infty)$,,Đạt (câu gốc)
17,D01,Nhân bản,p006_q12,he_so_x_bang_1,"Nghiệm của phương trình $\log_{5}(x+3)=3$ là

A. $x=123$.
B. $x=0$.
C. $x=122$.
D. $x=12$.",C. $x=122$.,Điều kiện: $x+3>0$. Ta có $\log_{5}(x+3)=3 \Leftrightarrow x+3=5^{3}=125 \Leftrightarrow x=122$ (thỏa điều kiện).,Đạt
18,D01,Nhân bản,p006_q12,he_so_x_bang_1,"Nghiệm của phương trình $\log_{2}(x-4)=4$ là

A. $x=21$.
B. $x=20$.
C. $x=8$.
D. $x=12$.",B. $x=20$.,Điều kiện: $x-4>0$. Ta có $\log_{2}(x-4)=4 \Leftrightarrow x-4=2^{4}=16 \Leftrightarrow x=20$ (thỏa điều kiện).,Đạt
19,D01,Nhân bản,p006_q12,he_so_x_lon_hon_1,"Nghiệm của phương trình $\log_{7}(3x-5)=4$ là

A. $x=802$.
B. $x=3$.
C. $x=2406$.
D. $x=11$.",A. $x=802$.,Điều kiện: $3x-5>0$. Ta có $\log_{7}(3x-5)=4 \Leftrightarrow 3x-5=7^{4}=2401 \Leftrightarrow x=802$ (thỏa điều kiện).,Đạt
20,D01,Nhân bản,p006_q12,he_so_x_lon_hon_1,"Nghiệm của phương trình $\log_{6}(3x-3)=2$ là

A. $x=39$.
B. $x=\dfrac{5}{3}$.
C. $x=13$.
D. $x=5$.",C. $x=13$.,Điều kiện: $3x-3>0$. Ta có $\log_{6}(3x-3)=2 \Leftrightarrow 3x-3=6^{2}=36 \Leftrightarrow x=13$ (thỏa điều kiện).,Đạt
21,D01,Nhân bản,p006_q12,dap_so_phan_so,"Nghiệm của phương trình $\log_{7}(2x-2)=2$ là

A. $x=8$.
B. $x=51$.
C. $x=2$.
D. $x=\dfrac{51}{2}$.",D. $x=\dfrac{51}{2}$.,Điều kiện: $2x-2>0$. Ta có $\log_{7}(2x-2)=2 \Leftrightarrow 2x-2=7^{2}=49 \Leftrightarrow x=\dfrac{51}{2}$ (thỏa điều kiện).,Đạt
22,D01,Nhân bản,p006_q12,dap_so_phan_so,"Nghiệm của phương trình $\log_{2}(3x-2)=1$ là

A. $x=\dfrac{7}{3}$.
B. $x=4$.
C. $x=1$.
D. $x=\dfrac{4}{3}$.",D. $x=\dfrac{4}{3}$.,Điều kiện: $3x-2>0$. Ta có $\log_{2}(3x-2)=1 \Leftrightarrow 3x-2=2^{1}=2 \Leftrightarrow x=\dfrac{4}{3}$ (thỏa điều kiện).,Đạt
23,D01,Nhân bản,p079_q06,he_so_x_bang_1,"Nghiệm của phương trình $\log_{2}(x-7)=4$ là

A. $x=15$.
B. $x=24$.
C. $x=23$.
D. $x=11$.",C. $x=23$.,Điều kiện: $x-7>0$. Ta có $\log_{2}(x-7)=4 \Leftrightarrow x-7=2^{4}=16 \Leftrightarrow x=23$ (thỏa điều kiện).,Đạt
24,D01,Nhân bản,p079_q06,he_so_x_bang_1,"Nghiệm của phương trình $\log_{3}(x+2)=4$ là

A. $x=79$.
B. $x=2$.
C. $x=80$.
D. $x=10$.",A. $x=79$.,Điều kiện: $x+2>0$. Ta có $\log_{3}(x+2)=4 \Leftrightarrow x+2=3^{4}=81 \Leftrightarrow x=79$ (thỏa điều kiện).,Đạt
25,D01,Nhân bản,p079_q06,he_so_x_lon_hon_1,"Nghiệm của phương trình $\log_{6}(2x-8)=1$ là

A. $x=8$.
B. $x=\dfrac{9}{2}$.
C. $x=14$.
D. $x=7$.",D. $x=7$.,Điều kiện: $2x-8>0$. Ta có $\log_{6}(2x-8)=1 \Leftrightarrow 2x-8=6^{1}=6 \Leftrightarrow x=7$ (thỏa điều kiện).,Đạt
26,D01,Nhân bản,p079_q06,he_so_x_lon_hon_1,"Nghiệm của phương trình $\log_{2}(2x+4)=2$ là

A. $x=-1$.
B. $x=1$.
C. $x=0$.
D. $x=2$.",C. $x=0$.,Điều kiện: $2x+4>0$. Ta có $\log_{2}(2x+4)=2 \Leftrightarrow 2x+4=2^{2}=4 \Leftrightarrow x=0$ (thỏa điều kiện).,Đạt
27,D01,Nhân bản,p079_q06,dap_so_phan_so,"Nghiệm của phương trình $\log_{2}(3x)=1$ là

A. $x=\dfrac{5}{3}$.
B. $x=\dfrac{2}{3}$.
C. $x=2$.
D. $x=\dfrac{1}{3}$.",B. $x=\dfrac{2}{3}$.,Điều kiện: $3x>0$. Ta có $\log_{2}(3x)=1 \Leftrightarrow 3x=2^{1}=2 \Leftrightarrow x=\dfrac{2}{3}$ (thỏa điều kiện).,Đạt
28,D01,Nhân bản,p079_q06,dap_so_phan_so,"Nghiệm của phương trình $\log_{6}(3x-5)=3$ là

A. $x=\dfrac{221}{3}$.
B. $x=221$.
C. $x=\dfrac{23}{3}$.
D. $x=\dfrac{8}{3}$.",A. $x=\dfrac{221}{3}$.,Điều kiện: $3x-5>0$. Ta có $\log_{6}(3x-5)=3 \Leftrightarrow 3x-5=6^{3}=216 \Leftrightarrow x=\dfrac{221}{3}$ (thỏa điều kiện).,Đạt
29,D01,Nhân bản,p109_q10,he_so_x_bang_1,"Nghiệm của phương trình $\log_{6}(x-2)=2$ là

A. $x=14$.
B. $x=39$.
C. $x=4$.
D. $x=38$.",D. $x=38$.,Điều kiện: $x-2>0$. Ta có $\log_{6}(x-2)=2 \Leftrightarrow x-2=6^{2}=36 \Leftrightarrow x=38$ (thỏa điều kiện).,Đạt
30,D01,Nhân bản,p109_q10,he_so_x_bang_1,"Nghiệm của phương trình $\log_{3}(x+6)=2$ là

A. $x=-4$.
B. $x=0$.
C. $x=4$.
D. $x=3$.",D. $x=3$.,Điều kiện: $x+6>0$. Ta có $\log_{3}(x+6)=2 \Leftrightarrow x+6=3^{2}=9 \Leftrightarrow x=3$ (thỏa điều kiện).,Đạt
31,D01,Nhân bản,p109_q10,he_so_x_lon_hon_1,"Nghiệm của phương trình $\log_{6}(3x)=1$ là

A. $x=3$.
B. $x=6$.
C. $x=\dfrac{1}{3}$.
D. $x=2$.",D. $x=2$.,Điều kiện: $3x>0$. Ta có $\log_{6}(3x)=1 \Leftrightarrow 3x=6^{1}=6 \Leftrightarrow x=2$ (thỏa điều kiện).,Đạt
32,D01,Nhân bản,p109_q10,he_so_x_lon_hon_1,"Nghiệm của phương trình $\log_{2}(3x-7)=1$ là

A. $x=9$.
B. $x=4$.
C. $x=\dfrac{8}{3}$.
D. $x=3$.",D. $x=3$.,Điều kiện: $3x-7>0$. Ta có $\log_{2}(3x-7)=1 \Leftrightarrow 3x-7=2^{1}=2 \Leftrightarrow x=3$ (thỏa điều kiện).,Đạt
33,D01,Nhân bản,p109_q10,dap_so_phan_so,"Nghiệm của phương trình $\log_{5}(3x+6)=2$ là

A. $x=\dfrac{4}{3}$.
B. $x=- \dfrac{4}{3}$.
C. $x=\dfrac{19}{3}$.
D. $x=19$.",C. $x=\dfrac{19}{3}$.,Điều kiện: $3x+6>0$. Ta có $\log_{5}(3x+6)=2 \Leftrightarrow 3x+6=5^{2}=25 \Leftrightarrow x=\dfrac{19}{3}$ (thỏa điều kiện).,Đạt
34,D01,Nhân bản,p109_q10,dap_so_phan_so,"Nghiệm của phương trình $\log_{6}(3x-5)=4$ là

A. $x=\dfrac{1301}{3}$.
B. $x=3$.
C. $x=\dfrac{29}{3}$.
D. $x=1301$.",A. $x=\dfrac{1301}{3}$.,Điều kiện: $3x-5>0$. Ta có $\log_{6}(3x-5)=4 \Leftrightarrow 3x-5=6^{4}=1296 \Leftrightarrow x=\dfrac{1301}{3}$ (thỏa điều kiện).,Đạt
35,D01,Nhân bản,p191_q08,he_so_x_bang_1,"Nghiệm của phương trình $\log_{5}(x-2)=4$ là

A. $x=627$.
B. $x=628$.
C. $x=6$.
D. $x=22$.",A. $x=627$.,Điều kiện: $x-2>0$. Ta có $\log_{5}(x-2)=4 \Leftrightarrow x-2=5^{4}=625 \Leftrightarrow x=627$ (thỏa điều kiện).,Đạt
36,D01,Nhân bản,p191_q08,he_so_x_bang_1,"Nghiệm của phương trình $\log_{5}(x+3)=1$ là

A. $x=-2$.
B. $x=4$.
C. $x=3$.
D. $x=2$.",D. $x=2$.,Điều kiện: $x+3>0$. Ta có $\log_{5}(x+3)=1 \Leftrightarrow x+3=5^{1}=5 \Leftrightarrow x=2$ (thỏa điều kiện).,Đạt
37,D01,Nhân bản,p191_q08,he_so_x_lon_hon_1,"Nghiệm của phương trình $\log_{4}(2x+8)=1$ là

A. $x=- \dfrac{7}{2}$.
B. $x=-4$.
C. $x=-1$.
D. $x=-2$.",D. $x=-2$.,Điều kiện: $2x+8>0$. Ta có $\log_{4}(2x+8)=1 \Leftrightarrow 2x+8=4^{1}=4 \Leftrightarrow x=-2$ (thỏa điều kiện).,Đạt
38,D01,Nhân bản,p191_q08,he_so_x_lon_hon_1,"Nghiệm của phương trình $\log_{4}(3x-5)=3$ là

A. $x=23$.
B. $x=\dfrac{17}{3}$.
C. $x=\dfrac{8}{3}$.
D. $x=69$.",A. $x=23$.,Điều kiện: $3x-5>0$. Ta có $\log_{4}(3x-5)=3 \Leftrightarrow 3x-5=4^{3}=64 \Leftrightarrow x=23$ (thỏa điều kiện).,Đạt
39,D01,Nhân bản,p191_q08,dap_so_phan_so,"Nghiệm của phương trình $\log_{5}(3x-3)=2$ là

A. $x=\dfrac{5}{3}$.
B. $x=28$.
C. $x=\dfrac{13}{3}$.
D. $x=\dfrac{28}{3}$.",D. $x=\dfrac{28}{3}$.,Điều kiện: $3x-3>0$. Ta có $\log_{5}(3x-3)=2 \Leftrightarrow 3x-3=5^{2}=25 \Leftrightarrow x=\dfrac{28}{3}$ (thỏa điều kiện).,Đạt
40,D01,Nhân bản,p191_q08,dap_so_phan_so,"Nghiệm của phương trình $\log_{4}(3x+6)=2$ là

A. $x=\dfrac{2}{3}$.
B. $x=\dfrac{10}{3}$.
C. $x=10$.
D. $x=- \dfrac{4}{3}$.",B. $x=\dfrac{10}{3}$.,Điều kiện: $3x+6>0$. Ta có $\log_{4}(3x+6)=2 \Leftrightarrow 3x+6=4^{2}=16 \Leftrightarrow x=\dfrac{10}{3}$ (thỏa điều kiện).,Đạt
41,D01,Nhân bản,p210_q27,he_so_x_bang_1,"Nghiệm của phương trình $\log_{5}(x+8)=2$ là

A. $x=2$.
B. $x=18$.
C. $x=17$.
D. $x=-6$.",C. $x=17$.,Điều kiện: $x+8>0$. Ta có $\log_{5}(x+8)=2 \Leftrightarrow x+8=5^{2}=25 \Leftrightarrow x=17$ (thỏa điều kiện).,Đạt
42,D01,Nhân bản,p210_q27,he_so_x_bang_1,"Nghiệm của phương trình $\log_{3}(x-8)=2$ là

A. $x=18$.
B. $x=14$.
C. $x=10$.
D. $x=17$.",D. $x=17$.,Điều kiện: $x-8>0$. Ta có $\log_{3}(x-8)=2 \Leftrightarrow x-8=3^{2}=9 \Leftrightarrow x=17$ (thỏa điều kiện).,Đạt
43,D01,Nhân bản,p210_q27,he_so_x_lon_hon_1,"Nghiệm của phương trình $\log_{7}(2x-5)=1$ là

A. $x=7$.
B. $x=3$.
C. $x=12$.
D. $x=6$.",D. $x=6$.,Điều kiện: $2x-5>0$. Ta có $\log_{7}(2x-5)=1 \Leftrightarrow 2x-5=7^{1}=7 \Leftrightarrow x=6$ (thỏa điều kiện).,Đạt
44,D01,Nhân bản,p210_q27,he_so_x_lon_hon_1,"Nghiệm của phương trình $\log_{3}(2x-7)=3$ là

A. $x=17$.
B. $x=8$.
C. $x=5$.
D. $x=34$.",A. $x=17$.,Điều kiện: $2x-7>0$. Ta có $\log_{3}(2x-7)=3 \Leftrightarrow 2x-7=3^{3}=27 \Leftrightarrow x=17$ (thỏa điều kiện).,Đạt
45,D01,Nhân bản,p210_q27,dap_so_phan_so,"Nghiệm của phương trình $\log_{5}(3x-6)=1$ là

A. $x=11$.
B. $x=\dfrac{7}{3}$.
C. $x=\dfrac{14}{3}$.
D. $x=\dfrac{11}{3}$.",D. $x=\dfrac{11}{3}$.,Điều kiện: $3x-6>0$. Ta có $\log_{5}(3x-6)=1 \Leftrightarrow 3x-6=5^{1}=5 \Leftrightarrow x=\dfrac{11}{3}$ (thỏa điều kiện).,Đạt
46,D01,Nhân bản,p210_q27,dap_so_phan_so,"Nghiệm của phương trình $\log_{4}(2x-3)=1$ là

A. $x=\dfrac{7}{2}$.
B. $x=7$.
C. $x=2$.
D. $x=\dfrac{9}{2}$.",A. $x=\dfrac{7}{2}$.,Điều kiện: $2x-3>0$. Ta có $\log_{4}(2x-3)=1 \Leftrightarrow 2x-3=4^{1}=4 \Leftrightarrow x=\dfrac{7}{2}$ (thỏa điều kiện).,Đạt
47,D12,Nhân bản,p020_q13,he_so_x_bang_1,"Nghiệm của phương trình $5^{x+6}=625$ là

A. $x=-2$.
B. $x=-1$.
C. $x=619$.
D. $x=10$.",A. $x=-2$.,Ta có $5^{x+6}=625=5^{4} \Leftrightarrow x+6=4 \Leftrightarrow x=-2$.,Đạt
48,D12,Nhân bản,p020_q13,he_so_x_bang_1,"Nghiệm của phương trình $4^{x+3}=16$ là

A. $x=0$.
B. $x=-1$.
C. $x=5$.
D. $x=13$.",B. $x=-1$.,Ta có $4^{x+3}=16=4^{2} \Leftrightarrow x+3=2 \Leftrightarrow x=-1$.,Đạt
49,D12,Nhân bản,p020_q13,he_so_x_lon_hon_1,"Nghiệm của phương trình $5^{2x+4}=25$ là

A. $x=-3$.
B. $x=-1$.
C. $x=\dfrac{21}{2}$.
D. $x=3$.",B. $x=-1$.,Ta có $5^{2x+4}=25=5^{2} \Leftrightarrow 2x+4=2 \Leftrightarrow x=-1$.,Đạt
50,D12,Nhân bản,p020_q13,he_so_x_lon_hon_1,"Nghiệm của phương trình $2^{2x+5}=2$ là

A. $x=- \dfrac{9}{2}$.
B. $x=- \dfrac{3}{2}$.
C. $x=3$.
D. $x=-2$.",D. $x=-2$.,Ta có $2^{2x+5}=2=2^{1} \Leftrightarrow 2x+5=1 \Leftrightarrow x=-2$.,Đạt
51,D12,Nhân bản,p020_q13,dap_so_phan_so,"Nghiệm của phương trình $3^{3x+5}=3$ là

A. $x=- \dfrac{14}{3}$.
B. $x=- \dfrac{4}{3}$.
C. $x=- \dfrac{2}{3}$.
D. $x=2$.",B. $x=- \dfrac{4}{3}$.,Ta có $3^{3x+5}=3=3^{1} \Leftrightarrow 3x+5=1 \Leftrightarrow x=- \dfrac{4}{3}$.,Đạt
52,D12,Nhân bản,p020_q13,dap_so_phan_so,"Nghiệm của phương trình $5^{2x-1}=25$ là

A. $x=\dfrac{1}{2}$.
B. $x=\dfrac{3}{2}$.
C. $x=13$.
D. $x=2$.",B. $x=\dfrac{3}{2}$.,Ta có $5^{2x-1}=25=5^{2} \Leftrightarrow 2x-1=2 \Leftrightarrow x=\dfrac{3}{2}$.,Đạt
53,D12,Nhân bản,p093_q03,he_so_x_bang_1,"Nghiệm của phương trình $2^{x+6}=2$ là

A. $x=-3$.
B. $x=7$.
C. $x=-5$.
D. $x=-4$.",C. $x=-5$.,Ta có $2^{x+6}=2=2^{1} \Leftrightarrow x+6=1 \Leftrightarrow x=-5$.,Đạt
54,D12,Nhân bản,p093_q03,he_so_x_bang_1,"Nghiệm của phương trình $2^{x+3}=4$ là

A. $x=5$.
B. $x=0$.
C. $x=1$.
D. $x=-1$.",D. $x=-1$.,Ta có $2^{x+3}=4=2^{2} \Leftrightarrow x+3=2 \Leftrightarrow x=-1$.,Đạt
55,D12,Nhân bản,p093_q03,he_so_x_lon_hon_1,"Nghiệm của phương trình $5^{3x-2}=5$ là

A. $x=\dfrac{10}{3}$.
B. $x=- \dfrac{1}{3}$.
C. $x=\dfrac{7}{3}$.
D. $x=1$.",D. $x=1$.,Ta có $5^{3x-2}=5=5^{1} \Leftrightarrow 3x-2=1 \Leftrightarrow x=1$.,Đạt
56,D12,Nhân bản,p093_q03,he_so_x_lon_hon_1,"Nghiệm của phương trình $3^{2x+2}=9$ là

A. $x=-1$.
B. $x=\dfrac{7}{2}$.
C. $x=2$.
D. $x=0$.",D. $x=0$.,Ta có $3^{2x+2}=9=3^{2} \Leftrightarrow 2x+2=2 \Leftrightarrow x=0$.,Đạt
57,D12,Nhân bản,p093_q03,dap_so_phan_so,"Nghiệm của phương trình $5^{2x-4}=125$ là

A. $x=\dfrac{129}{2}$.
B. $x=- \dfrac{1}{2}$.
C. $x=\dfrac{11}{2}$.
D. $x=\dfrac{7}{2}$.",D. $x=\dfrac{7}{2}$.,Ta có $5^{2x-4}=125=5^{3} \Leftrightarrow 2x-4=3 \Leftrightarrow x=\dfrac{7}{2}$.,Đạt
58,D12,Nhân bản,p093_q03,dap_so_phan_so,"Nghiệm của phương trình $5^{3x+6}=5$ là

A. $x=- \dfrac{1}{3}$.
B. $x=\dfrac{7}{3}$.
C. $x=- \dfrac{5}{3}$.
D. $x=- \dfrac{17}{3}$.",C. $x=- \dfrac{5}{3}$.,Ta có $5^{3x+6}=5=5^{1} \Leftrightarrow 3x+6=1 \Leftrightarrow x=- \dfrac{5}{3}$.,Đạt
59,D12,Nhân bản,p172_q13,he_so_x_bang_1,"Nghiệm của phương trình $2^{x+6}=2$ là

A. $x=7$.
B. $x=-4$.
C. $x=-3$.
D. $x=-5$.",D. $x=-5$.,Ta có $2^{x+6}=2=2^{1} \Leftrightarrow x+6=1 \Leftrightarrow x=-5$.,Đạt
60,D12,Nhân bản,p172_q13,he_so_x_bang_1,"Nghiệm của phương trình $4^{x+3}=4$ là

A. $x=-1$.
B. $x=1$.
C. $x=4$.
D. $x=-2$.",D. $x=-2$.,Ta có $4^{x+3}=4=4^{1} \Leftrightarrow x+3=1 \Leftrightarrow x=-2$.,Đạt
61,D12,Nhân bản,p172_q13,he_so_x_lon_hon_1,"Nghiệm của phương trình $2^{2x-1}=8$ là

A. $x=\dfrac{9}{2}$.
B. $x=2$.
C. $x=1$.
D. $x=\dfrac{5}{2}$.",B. $x=2$.,Ta có $2^{2x-1}=8=2^{3} \Leftrightarrow 2x-1=3 \Leftrightarrow x=2$.,Đạt
62,D12,Nhân bản,p172_q13,he_so_x_lon_hon_1,"Nghiệm của phương trình $4^{2x+1}=4$ là

A. $x=\dfrac{3}{2}$.
B. $x=1$.
C. $x=- \dfrac{1}{2}$.
D. $x=0$.",D. $x=0$.,Ta có $4^{2x+1}=4=4^{1} \Leftrightarrow 2x+1=1 \Leftrightarrow x=0$.,Đạt
63,D12,Nhân bản,p172_q13,dap_so_phan_so,"Nghiệm của phương trình $4^{3x+5}=256$ là

A. $x=3$.
B. $x=- \dfrac{1}{3}$.
C. $x=\dfrac{251}{3}$.
D. $x=- \dfrac{11}{3}$.",B. $x=- \dfrac{1}{3}$.,Ta có $4^{3x+5}=256=4^{4} \Leftrightarrow 3x+5=4 \Leftrightarrow x=- \dfrac{1}{3}$.,Đạt
64,D12,Nhân bản,p172_q13,dap_so_phan_so,"Nghiệm của phương trình $4^{3x+3}=4$ là

A. $x=\dfrac{4}{3}$.
B. $x=- \dfrac{8}{3}$.
C. $x=\dfrac{1}{3}$.
D. $x=- \dfrac{2}{3}$.",D. $x=- \dfrac{2}{3}$.,Ta có $4^{3x+3}=4=4^{1} \Leftrightarrow 3x+3=1 \Leftrightarrow x=- \dfrac{2}{3}$.,Đạt
65,D12,Nhân bản,p192_q13,he_so_x_bang_1,"Nghiệm của phương trình $2^{x-2}=8$ là

A. $x=5$.
B. $x=6$.
C. $x=1$.
D. $x=10$.",A. $x=5$.,Ta có $2^{x-2}=8=2^{3} \Leftrightarrow x-2=3 \Leftrightarrow x=5$.,Đạt
66,D12,Nhân bản,p192_q13,he_so_x_bang_1,"Nghiệm của phương trình $5^{x+5}=25$ là

A. $x=-3$.
B. $x=7$.
C. $x=-2$.
D. $x=20$.",A. $x=-3$.,Ta có $5^{x+5}=25=5^{2} \Leftrightarrow x+5=2 \Leftrightarrow x=-3$.,Đạt
67,D12,Nhân bản,p192_q13,he_so_x_lon_hon_1,"Nghiệm của phương trình $5^{2x+2}=625$ là

A. $x=1$.
B. $x=3$.
C. $x=\dfrac{623}{2}$.
D. $x=0$.",A. $x=1$.,Ta có $5^{2x+2}=625=5^{4} \Leftrightarrow 2x+2=4 \Leftrightarrow x=1$.,Đạt
68,D12,Nhân bản,p192_q13,he_so_x_lon_hon_1,"Nghiệm của phương trình $5^{3x-5}=5$ là

A. $x=\dfrac{16}{3}$.
B. $x=2$.
C. $x=- \dfrac{4}{3}$.
D. $x=\dfrac{10}{3}$.",B. $x=2$.,Ta có $5^{3x-5}=5=5^{1} \Leftrightarrow 3x-5=1 \Leftrightarrow x=2$.,Đạt
69,D12,Nhân bản,p192_q13,dap_so_phan_so,"Nghiệm của phương trình $4^{3x+2}=4$ là

A. $x=\dfrac{2}{3}$.
B. $x=1$.
C. $x=- \dfrac{5}{3}$.
D. $x=- \dfrac{1}{3}$.",D. $x=- \dfrac{1}{3}$.,Ta có $4^{3x+2}=4=4^{1} \Leftrightarrow 3x+2=1 \Leftrightarrow x=- \dfrac{1}{3}$.,Đạt
70,D12,Nhân bản,p192_q13,dap_so_phan_so,"Nghiệm của phương trình $2^{2x-4}=2$ là

A. $x=3$.
B. $x=\dfrac{9}{2}$.
C. $x=\dfrac{5}{2}$.
D. $x=- \dfrac{3}{2}$.",C. $x=\dfrac{5}{2}$.,Ta có $2^{2x-4}=2=2^{1} \Leftrightarrow 2x-4=1 \Leftrightarrow x=\dfrac{5}{2}$.,Đạt
71,D18,Nhân bản,p031_q02,co_so_nho,"Trên khoảng $(0;+\infty)$, đạo hàm của hàm số $y=\log_{2} x$ là

A. $y'=\dfrac{1}{x\ln 2}$.
B. $y'=\dfrac{1}{x}$.
C. $y'=\dfrac{\ln 2}{x}$.
D. $y'=\dfrac{1}{2x}$.",A. $y'=\dfrac{1}{x\ln 2}$.,"Áp dụng công thức $(\log_a x)' = \dfrac{1}{x\ln a}$ với $a=2$, ta có $y'=\dfrac{1}{x\ln 2}$.",Đạt
72,D18,Nhân bản,p031_q02,co_so_nho,"Trên khoảng $(0;+\infty)$, đạo hàm của hàm số $y=\log_{3} x$ là

A. $y'=\dfrac{1}{3x}$.
B. $y'=\dfrac{\ln 3}{x}$.
C. $y'=\dfrac{1}{x\ln 3}$.
D. $y'=\dfrac{1}{x}$.",C. $y'=\dfrac{1}{x\ln 3}$.,"Áp dụng công thức $(\log_a x)' = \dfrac{1}{x\ln a}$ với $a=3$, ta có $y'=\dfrac{1}{x\ln 3}$.",Đạt
73,D18,Nhân bản,p031_q02,co_so_trung_binh,"Trên khoảng $(0;+\infty)$, đạo hàm của hàm số $y=\log_{4} x$ là

A. $y'=\dfrac{1}{x\ln 4}$.
B. $y'=\dfrac{1}{x}$.
C. $y'=\dfrac{1}{4x}$.
D. $y'=\dfrac{\ln 4}{x}$.",A. $y'=\dfrac{1}{x\ln 4}$.,"Áp dụng công thức $(\log_a x)' = \dfrac{1}{x\ln a}$ với $a=4$, ta có $y'=\dfrac{1}{x\ln 4}$.",Đạt
74,D18,Nhân bản,p031_q02,co_so_trung_binh,"Trên khoảng $(0;+\infty)$, đạo hàm của hàm số $y=\log_{6} x$ là

A. $y'=\dfrac{1}{x\ln 6}$.
B. $y'=\dfrac{1}{6x}$.
C. $y'=\dfrac{1}{x}$.
D. $y'=\dfrac{\ln 6}{x}$.",A. $y'=\dfrac{1}{x\ln 6}$.,"Áp dụng công thức $(\log_a x)' = \dfrac{1}{x\ln a}$ với $a=6$, ta có $y'=\dfrac{1}{x\ln 6}$.",Đạt
75,D18,Nhân bản,p031_q02,co_so_lon,"Trên khoảng $(0;+\infty)$, đạo hàm của hàm số $y=log x$ là

A. $y'=\dfrac{1}{x\ln 10}$.
B. $y'=\dfrac{1}{x}$.
C. $y'=\dfrac{1}{10x}$.
D. $y'=\dfrac{\ln 10}{x}$.",A. $y'=\dfrac{1}{x\ln 10}$.,"Áp dụng công thức $(\log_a x)' = \dfrac{1}{x\ln a}$ với $a=10$, ta có $y'=\dfrac{1}{x\ln 10}$.",Đạt
76,D18,Nhân bản,p031_q02,co_so_lon,"Trên khoảng $(0;+\infty)$, đạo hàm của hàm số $y=\log_{9} x$ là

A. $y'=\dfrac{1}{9x}$.
B. $y'=\dfrac{1}{x\ln 9}$.
C. $y'=\dfrac{\ln 9}{x}$.
D. $y'=\dfrac{1}{x}$.",B. $y'=\dfrac{1}{x\ln 9}$.,"Áp dụng công thức $(\log_a x)' = \dfrac{1}{x\ln a}$ với $a=9$, ta có $y'=\dfrac{1}{x\ln 9}$.",Đạt
77,D18,Nhân bản,p111_q22,co_so_nho,"Trên khoảng $(0;+\infty)$, đạo hàm của hàm số $y=\log_{3} x$ là

A. $y'=\dfrac{1}{3x}$.
B. $y'=\dfrac{1}{x}$.
C. $y'=\dfrac{\ln 3}{x}$.
D. $y'=\dfrac{1}{x\ln 3}$.",D. $y'=\dfrac{1}{x\ln 3}$.,"Áp dụng công thức $(\log_a x)' = \dfrac{1}{x\ln a}$ với $a=3$, ta có $y'=\dfrac{1}{x\ln 3}$.",Đạt
78,D18,Nhân bản,p111_q22,co_so_nho,"Trên khoảng $(0;+\infty)$, đạo hàm của hàm số $y=\log_{2} x$ là

A. $y'=\dfrac{\ln 2}{x}$.
B. $y'=\dfrac{1}{x\ln 2}$.
C. $y'=\dfrac{1}{2x}$.
D. $y'=\dfrac{1}{x}$.",B. $y'=\dfrac{1}{x\ln 2}$.,"Áp dụng công thức $(\log_a x)' = \dfrac{1}{x\ln a}$ với $a=2$, ta có $y'=\dfrac{1}{x\ln 2}$.",Đạt
79,D18,Nhân bản,p111_q22,co_so_trung_binh,"Trên khoảng $(0;+\infty)$, đạo hàm của hàm số $y=\log_{6} x$ là

A. $y'=\dfrac{1}{6x}$.
B. $y'=\dfrac{1}{x\ln 6}$.
C. $y'=\dfrac{1}{x}$.
D. $y'=\dfrac{\ln 6}{x}$.",B. $y'=\dfrac{1}{x\ln 6}$.,"Áp dụng công thức $(\log_a x)' = \dfrac{1}{x\ln a}$ với $a=6$, ta có $y'=\dfrac{1}{x\ln 6}$.",Đạt
80,D18,Nhân bản,p111_q22,co_so_trung_binh,"Trên khoảng $(0;+\infty)$, đạo hàm của hàm số $y=\log_{5} x$ là

A. $y'=\dfrac{1}{x\ln 5}$.
B. $y'=\dfrac{\ln 5}{x}$.
C. $y'=\dfrac{1}{5x}$.
D. $y'=\dfrac{1}{x}$.",A. $y'=\dfrac{1}{x\ln 5}$.,"Áp dụng công thức $(\log_a x)' = \dfrac{1}{x\ln a}$ với $a=5$, ta có $y'=\dfrac{1}{x\ln 5}$.",Đạt
81,D18,Nhân bản,p111_q22,co_so_lon,"Trên khoảng $(0;+\infty)$, đạo hàm của hàm số $y=log x$ là

A. $y'=\dfrac{1}{x\ln 10}$.
B. $y'=\dfrac{1}{10x}$.
C. $y'=\dfrac{\ln 10}{x}$.
D. $y'=\dfrac{1}{x}$.",A. $y'=\dfrac{1}{x\ln 10}$.,"Áp dụng công thức $(\log_a x)' = \dfrac{1}{x\ln a}$ với $a=10$, ta có $y'=\dfrac{1}{x\ln 10}$.",Đạt
82,D18,Nhân bản,p111_q22,co_so_lon,"Trên khoảng $(0;+\infty)$, đạo hàm của hàm số $y=\log_{11} x$ là

A. $y'=\dfrac{1}{x\ln 11}$.
B. $y'=\dfrac{\ln 11}{x}$.
C. $y'=\dfrac{1}{11x}$.
D. $y'=\dfrac{1}{x}$.",A. $y'=\dfrac{1}{x\ln 11}$.,"Áp dụng công thức $(\log_a x)' = \dfrac{1}{x\ln a}$ với $a=11$, ta có $y'=\dfrac{1}{x\ln 11}$.",Đạt
83,D18,Nhân bản,p121_q02,co_so_nho,"Trên khoảng $(0;+\infty)$, đạo hàm của hàm số $y=\log_{2} x$ là

A. $y'=\dfrac{1}{x\ln 2}$.
B. $y'=\dfrac{1}{x}$.
C. $y'=\dfrac{\ln 2}{x}$.
D. $y'=\dfrac{1}{2x}$.",A. $y'=\dfrac{1}{x\ln 2}$.,"Áp dụng công thức $(\log_a x)' = \dfrac{1}{x\ln a}$ với $a=2$, ta có $y'=\dfrac{1}{x\ln 2}$.",Đạt
84,D18,Nhân bản,p121_q02,co_so_nho,"Trên khoảng $(0;+\infty)$, đạo hàm của hàm số $y=\log_{3} x$ là

A. $y'=\dfrac{1}{x\ln 3}$.
B. $y'=\dfrac{1}{3x}$.
C. $y'=\dfrac{1}{x}$.
D. $y'=\dfrac{\ln 3}{x}$.",A. $y'=\dfrac{1}{x\ln 3}$.,"Áp dụng công thức $(\log_a x)' = \dfrac{1}{x\ln a}$ với $a=3$, ta có $y'=\dfrac{1}{x\ln 3}$.",Đạt
85,D18,Nhân bản,p121_q02,co_so_trung_binh,"Trên khoảng $(0;+\infty)$, đạo hàm của hàm số $y=\log_{4} x$ là

A. $y'=\dfrac{1}{x}$.
B. $y'=\dfrac{1}{x\ln 4}$.
C. $y'=\dfrac{\ln 4}{x}$.
D. $y'=\dfrac{1}{4x}$.",B. $y'=\dfrac{1}{x\ln 4}$.,"Áp dụng công thức $(\log_a x)' = \dfrac{1}{x\ln a}$ với $a=4$, ta có $y'=\dfrac{1}{x\ln 4}$.",Đạt
86,D18,Nhân bản,p121_q02,co_so_trung_binh,"Trên khoảng $(0;+\infty)$, đạo hàm của hàm số $y=\log_{7} x$ là

A. $y'=\dfrac{1}{x}$.
B. $y'=\dfrac{1}{7x}$.
C. $y'=\dfrac{1}{x\ln 7}$.
D. $y'=\dfrac{\ln 7}{x}$.",C. $y'=\dfrac{1}{x\ln 7}$.,"Áp dụng công thức $(\log_a x)' = \dfrac{1}{x\ln a}$ với $a=7$, ta có $y'=\dfrac{1}{x\ln 7}$.",Đạt
87,D18,Nhân bản,p121_q02,co_so_lon,"Trên khoảng $(0;+\infty)$, đạo hàm của hàm số $y=\log_{11} x$ là

A. $y'=\dfrac{1}{11x}$.
B. $y'=\dfrac{1}{x}$.
C. $y'=\dfrac{\ln 11}{x}$.
D. $y'=\dfrac{1}{x\ln 11}$.",D. $y'=\dfrac{1}{x\ln 11}$.,"Áp dụng công thức $(\log_a x)' = \dfrac{1}{x\ln a}$ với $a=11$, ta có $y'=\dfrac{1}{x\ln 11}$.",Đạt
88,D18,Nhân bản,p121_q02,co_so_lon,"Trên khoảng $(0;+\infty)$, đạo hàm của hàm số $y=\log_{8} x$ là

A. $y'=\dfrac{1}{x}$.
B. $y'=\dfrac{1}{8x}$.
C. $y'=\dfrac{1}{x\ln 8}$.
D. $y'=\dfrac{\ln 8}{x}$.",C. $y'=\dfrac{1}{x\ln 8}$.,"Áp dụng công thức $(\log_a x)' = \dfrac{1}{x\ln a}$ với $a=8$, ta có $y'=\dfrac{1}{x\ln 8}$.",Đạt
89,D53,Nhân bản,p006_q14,he_so_x_bang_1,"Tập nghiệm của bất phương trình $\log_{2}(x+2)>3$ là

A. $\left(4;+\infty\right)$.
B. $\left(7;+\infty\right)$.
C. $\left(6;+\infty\right)$.
D. $\left(-\infty;6\right)$.",C. $\left(6;+\infty\right)$.,Điều kiện: $x+2>0$. Vì $a=2>1$ nên $\log_{2}(x+2)>3 \Leftrightarrow x+2>2^{3}=8 \Leftrightarrow x>6$. Vậy tập nghiệm là $\left(6;+\infty\right)$.,Đạt
90,D53,Nhân bản,p006_q14,he_so_x_bang_1,"Tập nghiệm của bất phương trình $\log_{4}(x+3)>2$ là

A. $\left(13;+\infty\right)$.
B. $\left(-\infty;13\right)$.
C. $\left(5;+\infty\right)$.
D. $\left(14;+\infty\right)$.",A. $\left(13;+\infty\right)$.,Điều kiện: $x+3>0$. Vì $a=4>1$ nên $\log_{4}(x+3)>2 \Leftrightarrow x+3>4^{2}=16 \Leftrightarrow x>13$. Vậy tập nghiệm là $\left(13;+\infty\right)$.,Đạt
91,D53,Nhân bản,p006_q14,he_so_x_lon_hon_1,"Tập nghiệm của bất phương trình $\log_{5}(3x+4)>0$ là

A. $\left(-3;+\infty\right)$.
B. $\left(-\infty;-1\right)$.
C. $\left(-1;+\infty\right)$.
D. $\left(- \dfrac{4}{3};+\infty\right)$.",C. $\left(-1;+\infty\right)$.,Điều kiện: $3x+4>0$. Vì $a=5>1$ nên $\log_{5}(3x+4)>0 \Leftrightarrow 3x+4>5^{0}=1 \Leftrightarrow x>-1$. Vậy tập nghiệm là $\left(-1;+\infty\right)$.,Đạt
92,D53,Nhân bản,p006_q14,he_so_x_lon_hon_1,"Tập nghiệm của bất phương trình $\log_{4}(3x+4)>0$ là

A. $\left(- \dfrac{4}{3};+\infty\right)$.
B. $\left(-3;+\infty\right)$.
C. $\left(-1;+\infty\right)$.
D. $\left(-\infty;-1\right)$.",C. $\left(-1;+\infty\right)$.,Điều kiện: $3x+4>0$. Vì $a=4>1$ nên $\log_{4}(3x+4)>0 \Leftrightarrow 3x+4>4^{0}=1 \Leftrightarrow x>-1$. Vậy tập nghiệm là $\left(-1;+\infty\right)$.,Đạt
93,D53,Nhân bản,p006_q14,dap_so_phan_so,"Tập nghiệm của bất phương trình $\log_{7}(3x+3)>2$ là

A. $\left(46;+\infty\right)$.
B. $\left(\dfrac{46}{3};+\infty\right)$.
C. $\left(\dfrac{11}{3};+\infty\right)$.
D. $\left(-\infty;\dfrac{46}{3}\right)$.",B. $\left(\dfrac{46}{3};+\infty\right)$.,Điều kiện: $3x+3>0$. Vì $a=7>1$ nên $\log_{7}(3x+3)>2 \Leftrightarrow 3x+3>7^{2}=49 \Leftrightarrow x>\dfrac{46}{3}$. Vậy tập nghiệm là $\left(\dfrac{46}{3};+\infty\right)$.,Đạt
94,D53,Nhân bản,p006_q14,dap_so_phan_so,"Tập nghiệm của bất phương trình $\log_{2}(2x-6)>0$ là

A. $\left(-\infty;\dfrac{7}{2}\right)$.
B. $\left(\dfrac{7}{2};+\infty\right)$.
C. $\left(7;+\infty\right)$.
D. $\left(3;+\infty\right)$.",B. $\left(\dfrac{7}{2};+\infty\right)$.,Điều kiện: $2x-6>0$. Vì $a=2>1$ nên $\log_{2}(2x-6)>0 \Leftrightarrow 2x-6>2^{0}=1 \Leftrightarrow x>\dfrac{7}{2}$. Vậy tập nghiệm là $\left(\dfrac{7}{2};+\infty\right)$.,Đạt
95,D53,Nhân bản,p124_q21,he_so_x_bang_1,"Tập nghiệm của bất phương trình $\log_{5}(x+1)>3$ là

A. $\left(-\infty;124\right)$.
B. $\left(14;+\infty\right)$.
C. $\left(124;+\infty\right)$.
D. $\left(125;+\infty\right)$.",C. $\left(124;+\infty\right)$.,Điều kiện: $x+1>0$. Vì $a=5>1$ nên $\log_{5}(x+1)>3 \Leftrightarrow x+1>5^{3}=125 \Leftrightarrow x>124$. Vậy tập nghiệm là $\left(124;+\infty\right)$.,Đạt
96,D53,Nhân bản,p124_q21,he_so_x_bang_1,"Tập nghiệm của bất phương trình $\log_{5}(x-6)>3$ là

A. $\left(131;+\infty\right)$.
B. $\left(132;+\infty\right)$.
C. $\left(-\infty;131\right)$.
D. $\left(21;+\infty\right)$.",A. $\left(131;+\infty\right)$.,Điều kiện: $x-6>0$. Vì $a=5>1$ nên $\log_{5}(x-6)>3 \Leftrightarrow x-6>5^{3}=125 \Leftrightarrow x>131$. Vậy tập nghiệm là $\left(131;+\infty\right)$.,Đạt
97,D53,Nhân bản,p124_q21,he_so_x_lon_hon_1,"Tập nghiệm của bất phương trình $\log_{3}(2x+3)>1$ là

A. $\left(2;+\infty\right)$.
B. $\left(1;+\infty\right)$.
C. $\left(0;+\infty\right)$.
D. $\left(-\infty;0\right)$.",C. $\left(0;+\infty\right)$.,Điều kiện: $2x+3>0$. Vì $a=3>1$ nên $\log_{3}(2x+3)>1 \Leftrightarrow 2x+3>3^{1}=3 \Leftrightarrow x>0$. Vậy tập nghiệm là $\left(0;+\infty\right)$.,Đạt
98,D53,Nhân bản,p124_q21,he_so_x_lon_hon_1,"Tập nghiệm của bất phương trình $\log_{6}(2x+6)>1$ là

A. $\left(1;+\infty\right)$.
B. $\left(2;+\infty\right)$.
C. $\left(-\infty;0\right)$.
D. $\left(0;+\infty\right)$.",D. $\left(0;+\infty\right)$.,Điều kiện: $2x+6>0$. Vì $a=6>1$ nên $\log_{6}(2x+6)>1 \Leftrightarrow 2x+6>6^{1}=6 \Leftrightarrow x>0$. Vậy tập nghiệm là $\left(0;+\infty\right)$.,Đạt
99,D53,Nhân bản,p124_q21,dap_so_phan_so,"Tập nghiệm của bất phương trình $\log_{3}(2x-6)>1$ là

A. $\left(9;+\infty\right)$.
B. $\left(\dfrac{9}{2};+\infty\right)$.
C. $\left(\dfrac{11}{2};+\infty\right)$.
D. $\left(-\infty;\dfrac{9}{2}\right)$.",B. $\left(\dfrac{9}{2};+\infty\right)$.,Điều kiện: $2x-6>0$. Vì $a=3>1$ nên $\log_{3}(2x-6)>1 \Leftrightarrow 2x-6>3^{1}=3 \Leftrightarrow x>\dfrac{9}{2}$. Vậy tập nghiệm là $\left(\dfrac{9}{2};+\infty\right)$.,Đạt
100,D53,Nhân bản,p124_q21,dap_so_phan_so,"Tập nghiệm của bất phương trình $\log_{7}(2x-4)>3$ là

A. $\left(\dfrac{347}{2};+\infty\right)$.
B. $\left(\dfrac{25}{2};+\infty\right)$.
C. $\left(347;+\infty\right)$.
D. $\left(-\infty;\dfrac{347}{2}\right)$.",A. $\left(\dfrac{347}{2};+\infty\right)$.,Điều kiện: $2x-4>0$. Vì $a=7>1$ nên $\log_{7}(2x-4)>3 \Leftrightarrow 2x-4>7^{3}=343 \Leftrightarrow x>\dfrac{347}{2}$. Vậy tập nghiệm là $\left(\dfrac{347}{2};+\infty\right)$.,Đạt
101,D53,Nhân bản,p221_q08,he_so_x_bang_1,"Tập nghiệm của bất phương trình $\log_{6}(x+3)>3$ là

A. $\left(213;+\infty\right)$.
B. $\left(-\infty;213\right)$.
C. $\left(214;+\infty\right)$.
D. $\left(15;+\infty\right)$.",A. $\left(213;+\infty\right)$.,Điều kiện: $x+3>0$. Vì $a=6>1$ nên $\log_{6}(x+3)>3 \Leftrightarrow x+3>6^{3}=216 \Leftrightarrow x>213$. Vậy tập nghiệm là $\left(213;+\infty\right)$.,Đạt
102,D53,Nhân bản,p221_q08,he_so_x_bang_1,"Tập nghiệm của bất phương trình $\log_{7}(x+5)>1$ là

A. $\left(-\infty;2\right)$.
B. $\left(3;+\infty\right)$.
C. $\left(2;+\infty\right)$.
D. $\left(4;+\infty\right)$.",C. $\left(2;+\infty\right)$.,Điều kiện: $x+5>0$. Vì $a=7>1$ nên $\log_{7}(x+5)>1 \Leftrightarrow x+5>7^{1}=7 \Leftrightarrow x>2$. Vậy tập nghiệm là $\left(2;+\infty\right)$.,Đạt
103,D53,Nhân bản,p221_q08,he_so_x_lon_hon_1,"Tập nghiệm của bất phương trình $\log_{7}(3x-5)>1$ là

A. $\left(-\infty;4\right)$.
B. $\left(4;+\infty\right)$.
C. $\left(5;+\infty\right)$.
D. $\left(12;+\infty\right)$.",B. $\left(4;+\infty\right)$.,Điều kiện: $3x-5>0$. Vì $a=7>1$ nên $\log_{7}(3x-5)>1 \Leftrightarrow 3x-5>7^{1}=7 \Leftrightarrow x>4$. Vậy tập nghiệm là $\left(4;+\infty\right)$.,Đạt
104,D53,Nhân bản,p221_q08,he_so_x_lon_hon_1,"Tập nghiệm của bất phương trình $\log_{3}(2x+5)>0$ là

A. $\left(-4;+\infty\right)$.
B. $\left(- \dfrac{5}{2};+\infty\right)$.
C. $\left(-\infty;-2\right)$.
D. $\left(-2;+\infty\right)$.",D. $\left(-2;+\infty\right)$.,Điều kiện: $2x+5>0$. Vì $a=3>1$ nên $\log_{3}(2x+5)>0 \Leftrightarrow 2x+5>3^{0}=1 \Leftrightarrow x>-2$. Vậy tập nghiệm là $\left(-2;+\infty\right)$.,Đạt
105,D53,Nhân bản,p221_q08,dap_so_phan_so,"Tập nghiệm của bất phương trình $\log_{6}(3x-2)>1$ là

A. $\left(\dfrac{11}{3};+\infty\right)$.
B. $\left(8;+\infty\right)$.
C. $\left(-\infty;\dfrac{8}{3}\right)$.
D. $\left(\dfrac{8}{3};+\infty\right)$.",D. $\left(\dfrac{8}{3};+\infty\right)$.,Điều kiện: $3x-2>0$. Vì $a=6>1$ nên $\log_{6}(3x-2)>1 \Leftrightarrow 3x-2>6^{1}=6 \Leftrightarrow x>\dfrac{8}{3}$. Vậy tập nghiệm là $\left(\dfrac{8}{3};+\infty\right)$.,Đạt
106,D53,Nhân bản,p221_q08,dap_so_phan_so,"Tập nghiệm của bất phương trình $\log_{7}(3x+5)>0$ là

A. $\left(- \dfrac{5}{3};+\infty\right)$.
B. $\left(- \dfrac{4}{3};+\infty\right)$.
C. $\left(-4;+\infty\right)$.
D. $\left(-\infty;- \dfrac{4}{3}\right)$.",B. $\left(- \dfrac{4}{3};+\infty\right)$.,Điều kiện: $3x+5>0$. Vì $a=7>1$ nên $\log_{7}(3x+5)>0 \Leftrightarrow 3x+5>7^{0}=1 \Leftrightarrow x>- \dfrac{4}{3}$. Vậy tập nghiệm là $\left(- \dfrac{4}{3};+\infty\right)$.,Đạt
107,D53,Nhân bản,p236_q12,he_so_x_bang_1,"Tập nghiệm của bất phương trình $\log_{4}(x-2)>0$ là

A. $\left(-\infty;3\right)$.
B. $\left(2;+\infty\right)$.
C. $\left(4;+\infty\right)$.
D. $\left(3;+\infty\right)$.",D. $\left(3;+\infty\right)$.,Điều kiện: $x-2>0$. Vì $a=4>1$ nên $\log_{4}(x-2)>0 \Leftrightarrow x-2>4^{0}=1 \Leftrightarrow x>3$. Vậy tập nghiệm là $\left(3;+\infty\right)$.,Đạt
108,D53,Nhân bản,p236_q12,he_so_x_bang_1,"Tập nghiệm của bất phương trình $\log_{2}(x-3)>0$ là

A. $\left(-\infty;4\right)$.
B. $\left(4;+\infty\right)$.
C. $\left(3;+\infty\right)$.
D. $\left(5;+\infty\right)$.",B. $\left(4;+\infty\right)$.,Điều kiện: $x-3>0$. Vì $a=2>1$ nên $\log_{2}(x-3)>0 \Leftrightarrow x-3>2^{0}=1 \Leftrightarrow x>4$. Vậy tập nghiệm là $\left(4;+\infty\right)$.,Đạt
109,D53,Nhân bản,p236_q12,he_so_x_lon_hon_1,"Tập nghiệm của bất phương trình $\log_{6}(2x+2)>2$ là

A. $\left(5;+\infty\right)$.
B. $\left(34;+\infty\right)$.
C. $\left(17;+\infty\right)$.
D. $\left(-\infty;17\right)$.",C. $\left(17;+\infty\right)$.,Điều kiện: $2x+2>0$. Vì $a=6>1$ nên $\log_{6}(2x+2)>2 \Leftrightarrow 2x+2>6^{2}=36 \Leftrightarrow x>17$. Vậy tập nghiệm là $\left(17;+\infty\right)$.,Đạt
110,D53,Nhân bản,p236_q12,he_so_x_lon_hon_1,"Tập nghiệm của bất phương trình $\log_{5}(2x-3)>1$ là

A. $\left(5;+\infty\right)$.
B. $\left(4;+\infty\right)$.
C. $\left(8;+\infty\right)$.
D. $\left(-\infty;4\right)$.",B. $\left(4;+\infty\right)$.,Điều kiện: $2x-3>0$. Vì $a=5>1$ nên $\log_{5}(2x-3)>1 \Leftrightarrow 2x-3>5^{1}=5 \Leftrightarrow x>4$. Vậy tập nghiệm là $\left(4;+\infty\right)$.,Đạt
111,D53,Nhân bản,p236_q12,dap_so_phan_so,"Tập nghiệm của bất phương trình $\log_{2}(2x+1)>1$ là

A. $\left(1;+\infty\right)$.
B. $\left(\dfrac{3}{2};+\infty\right)$.
C. $\left(-\infty;\dfrac{1}{2}\right)$.
D. $\left(\dfrac{1}{2};+\infty\right)$.",D. $\left(\dfrac{1}{2};+\infty\right)$.,Điều kiện: $2x+1>0$. Vì $a=2>1$ nên $\log_{2}(2x+1)>1 \Leftrightarrow 2x+1>2^{1}=2 \Leftrightarrow x>\dfrac{1}{2}$. Vậy tập nghiệm là $\left(\dfrac{1}{2};+\infty\right)$.,Đạt
112,D53,Nhân bản,p236_q12,dap_so_phan_so,"Tập nghiệm của bất phương trình $\log_{7}(3x+3)>1$ là

A. $\left(4;+\infty\right)$.
B. $\left(-\infty;\dfrac{4}{3}\right)$.
C. $\left(\dfrac{4}{3};+\infty\right)$.
D. $\left(\dfrac{7}{3};+\infty\right)$.",C. $\left(\dfrac{4}{3};+\infty\right)$.,Điều kiện: $3x+3>0$. Vì $a=7>1$ nên $\log_{7}(3x+3)>1 \Leftrightarrow 3x+3>7^{1}=7 \Leftrightarrow x>\dfrac{4}{3}$. Vậy tập nghiệm là $\left(\dfrac{4}{3};+\infty\right)$.,Đạt
